state,district,compliance_ratio,total_demo,total_bio,infra_ratio_pct,persona,z_score
andaman & nicobar islands,andamans,67.25490196078432,750.0,2015.0,268.30892143808256,Critical Gap,-0.0128514647736011
andaman & nicobar islands,nicobar,89.36936936936937,787.0,1811.0,229.8223350253807,Critical Gap,0.2554930346111916
andaman & nicobar islands,nicobars,10.0,4.0,2.0,40.0,Balanced,-0.6039109176669027
andaman & nicobar islands,north and middle andaman,921.9512195121952,2009.0,6383.0,317.56218905472633,Maintenance Heavy,7.341190926863235
andaman & nicobar islands,south andaman,552.8925619834711,3696.0,10487.0,283.66242899648364,Maintenance Heavy,4.801024896487731
andhra pradesh,adilabad,43.42938456065457,29291.0,52038.0,177.6526013928718,Balanced,-0.1588717715588457
andhra pradesh,alluri sitharama raju,72.67872523686478,12871.0,18607.0,144.55407085146052,Balanced,0.1445035550600489
andhra pradesh,anakapalli,292.72727272727275,13460.0,6723.0,49.94428348562514,Balanced,2.252764009418869
andhra pradesh,anantapur,109.88653787181843,68745.0,93565.0,136.10246414336837,Balanced,0.5387536070864504
andhra pradesh,ananthapur,424.1032428855063,30026.0,84132.0,280.18783095214303,Maintenance Heavy,3.822111746334593
andhra pradesh,ananthapuramu,569.0320553111251,55944.0,109602.0,195.9102690142104,Maintenance Heavy,5.339985514416889
andhra pradesh,annamayya,120.37422037422036,33634.0,9712.0,28.874684108815224,Balanced,0.6290348774256103
andhra pradesh,bapatla,70.76225045372051,13514.0,5982.0,44.26193118756937,Balanced,0.1182514850892305
andhra pradesh,chittoor,255.99605522682444,169636.0,251438.0,148.2212017425444,Critical Gap,2.075819027556149
andhra pradesh,cuddapah,278.69038973614136,83667.0,170796.0,204.13539226466511,Maintenance Heavy,2.311936629735553
andhra pradesh,dr b r ambedkar konaseema,144.5847176079734,14156.0,7306.0,51.60697887970616,Balanced,0.8629032276103764
andhra pradesh,east godavari,404.0702031157562,156025.0,301850.0,193.4613461858921,Maintenance Heavy,3.630189923482865
andhra pradesh,eluru,95.07760532150776,17584.0,8230.0,46.80125106624964,Balanced,0.3665216197502248
andhra pradesh,guntur,202.85915036212305,177221.0,291694.0,164.59243209082393,Critical Gap,1.5182414336064132
andhra pradesh,hyderabad,23.1752802301359,36206.0,105744.0,292.0540227027923,Critical Gap,-0.3707710222453961
andhra pradesh,kakinada,84.91082045184305,28269.0,11698.0,41.37955429784223,Balanced,0.2696479232369484
andhra pradesh,karim nagar,34.86486486486486,1151.0,1697.0,147.30902777777777,Balanced,-0.2750573644992646
andhra pradesh,karimnagar,40.504201680672274,10331.0,17127.0,165.7665505226481,Balanced,-0.1917477976967963
andhra pradesh,khammam,58.82620219613782,32368.0,40958.0,126.53464734777104,Balanced,0.0025099258558747
andhra pradesh,krishna,271.77930012960564,111849.0,233247.0,208.53553866785876,Maintenance Heavy,2.2408267142803107
andhra pradesh,kurnool,295.2156481593974,177645.0,350633.0,197.37736847438163,Maintenance Heavy,2.4888194614981685
andhra pradesh,kv rangareddy,52.6829268292683,166.0,404.0,241.91616766467067,Critical Gap,-0.1598270794693242
andhra pradesh,kvrangareddy,11.914893617021276,518.0,773.0,148.9402697495183,Balanced,-0.4965731179129856
andhra pradesh,mahabub nagar,1.90233742189308,12813.0,13852.0,108.10051506165132,Balanced,-0.5944569476211042
andhra pradesh,mahabubnagar,390.0,81.0,120.0,146.34146341463415,Balanced,-0.2040249970150548
andhra pradesh,mahbubnagar,14.495499763145428,9897.0,14739.0,148.9088704788846,Balanced,-0.4625411185089506
andhra pradesh,medak,27.41597555652553,12963.0,22445.0,173.13329219376735,Balanced,-0.3270562602453545
andhra pradesh,nalgonda,26.09902822767237,29844.0,32653.0,109.40861115764784,Balanced,-0.3409250641991643
andhra pradesh,nandyal,162.07161125319692,27385.0,10640.0,38.85196815891332,Balanced,1.0527217417703911
andhra pradesh,nellore,131.36851876408963,68123.0,158477.0,232.63020374611008,Critical Gap,0.7663499697253304
andhra pradesh,nizamabad,48.55133614627286,5541.0,10979.0,198.1053771201732,Critical Gap,-0.1098998022417397
andhra pradesh,ntr,69.90731204943357,38070.0,13559.0,35.61503506606078,Balanced,0.1144663135793009
andhra pradesh,palnadu,78.93561103810777,25495.0,10053.0,39.42971446501412,Balanced,0.2065209037498636
andhra pradesh,parvathipuram manyam,140.9972299168975,9391.0,10630.0,113.18143100511074,Balanced,0.8332324372788924
andhra pradesh,prakasam,117.99585169821106,120498.0,212299.0,176.1832048398742,Critical Gap,0.6263080739757642
andhra pradesh,rangareddi,32.740064181683536,22265.0,54595.0,245.19446690020655,Critical Gap,-0.2706640106264044
andhra pradesh,sri potti sriramulu nellore,10.718533997749558,22065.0,10135.0,45.93039064624309,Balanced,-0.5018026811905818
andhra pradesh,sri sathya sai,142.24438902743142,22107.0,10415.0,47.10964356793921,Balanced,0.849589704060578
andhra pradesh,srikakulam,926.558105107328,135699.0,192607.0,141.9358879882093,Maintenance Heavy,9.071502257671405
andhra pradesh,tirupati,8.17443041648527,33230.0,10398.0,31.290060485691072,Balanced,-0.5285243384990125
andhra pradesh,visakhapatnam,400.29707027248514,157193.0,311303.0,198.0374569003906,Maintenance Heavy,3.5902644343599275
andhra pradesh,vizianagaram,640.708412397217,78887.0,159998.0,202.81665145522769,Maintenance Heavy,6.089776993118591
andhra pradesh,warangal,68.35405271009448,34766.0,51758.0,148.87105588632895,Balanced,0.1016720564483432
andhra pradesh,west godavari,407.9830953074905,126806.0,220414.0,173.81848005236304,Maintenance Heavy,3.667667305269204
andhra pradesh,ysr,99.48176583493282,28186.0,8608.0,30.53890091176784,Balanced,0.4146664273896911
arunachal pradesh,anjaw,60.810810810810814,760.0,1171.0,153.87647831800265,Balanced,-0.0224978356665185
arunachal pradesh,changlang,17.87569878329497,5659.0,8183.0,144.57597173144876,Balanced,-0.4268777288088672
arunachal pradesh,dibang valley,100.96774193548389,160.0,471.0,292.54658385093165,Critical Gap,0.2090150657634986
arunachal pradesh,east kameng,34.007585335018966,1422.0,4297.0,301.96767392832044,Critical Gap,-0.2605878081598886
arunachal pradesh,east siang,26.039488966318235,2503.0,3321.0,132.62779552715656,Balanced,-0.3432472277078185
arunachal pradesh,kamle,2.2709163346613543,318.0,143.0,44.82758620689656,Balanced,-0.591363889792199
arunachal pradesh,kra daadi,12.131979695431472,514.0,1240.0,240.7766990291262,Critical Gap,-0.4886806326369623
arunachal pradesh,kurung kumey,29.45578231292517,335.0,3390.0,1008.9285714285712,Critical Gap,-0.3106612425222143
arunachal pradesh,leparada,16.19047619047619,23.0,36.0,150.0,Balanced,-0.4951700094194704
arunachal pradesh,lohit,28.46275752773376,1866.0,3891.0,208.40921264059992,Critical Gap,-0.3191237406237281
arunachal pradesh,longding,2.2403003754693365,1485.0,2599.0,174.89905787348587,Balanced,-0.5908883169614644
arunachal pradesh,lower dibang valley,27.963340122199597,1157.0,2248.0,194.1278065630397,Critical Gap,-0.3254640371288002
arunachal pradesh,lower siang,19.834254143646408,339.0,413.0,121.4705882352941,Balanced,-0.4155989882740658
arunachal pradesh,lower subansiri,27.76769509981851,1521.0,2680.0,176.08409986859394,Balanced,-0.3269222677417036
arunachal pradesh,namsai,65.82255083179298,2135.0,6003.0,281.03932584269666,Critical Gap,0.0669024975509819
arunachal pradesh,pakke kessang,27.27272727272727,87.0,74.0,84.0909090909091,Balanced,-0.4565845258478009
arunachal pradesh,papum pare,20.053919535462462,4922.0,9259.0,188.076376193378,Balanced,-0.4041853811777838
arunachal pradesh,shiyomi,9.502262443438914,238.0,529.0,221.3389121338912,Critical Gap,-0.5183518019210268
arunachal pradesh,siang,14.642262895174708,777.0,1309.0,168.25192802056554,Balanced,-0.4626224927256329
arunachal pradesh,tawang,43.29466357308585,951.0,2464.0,258.8235294117647,Critical Gap,-0.1681500639422215
arunachal pradesh,tirap,35.06393861892583,990.0,1893.0,191.0191725529768,Critical Gap,-0.2537476542540017
arunachal pradesh,upper siang,58.53080568720379,1321.0,1796.0,135.8547655068079,Balanced,-0.0236936667689463
arunachal pradesh,upper subansiri,44.68239564428312,1549.0,4166.0,268.7741935483871,Critical Gap,-0.1517842611404243
arunachal pradesh,west kameng,28.77788554801164,1859.0,6172.0,331.8279569892473,Critical Gap,-0.3142162337533803
arunachal pradesh,west siang,41.76029962546816,3552.0,4646.0,130.76273571629608,Balanced,-0.1798603507378476
assam,bajali,0.7407407407407408,844.0,23.0,2.72189349112426,Balanced,-0.607418688900691
assam,baksa,9.839708252056656,17012.0,17455.0,102.59801328395932,Balanced,-0.5109668707214621
assam,barpeta,20.081667221197183,59142.0,95421.0,161.33946536361023,Balanced,-0.4031660598348573
assam,biswanath,13.270846800258564,11025.0,9548.0,86.59532015236712,Balanced,-0.4750512440850339
assam,bongaigaon,39.34355534259703,39124.0,36608.0,93.5667731629393,Balanced,-0.2010039500194478
assam,cachar,9.343245219472202,58019.0,66145.0,114.00379179593244,Balanced,-0.5161319343267445
assam,charaideo,18.13745908955668,9913.0,8293.0,83.64938470849303,Balanced,-0.4240777912391351
assam,chirang,16.877975912613202,13397.0,27087.0,202.1719659650694,Critical Gap,-0.4369711109454444
assam,darrang,8.48440520348989,28319.0,26265.0,92.7436440677966,Balanced,-0.5251921350183152
assam,dhemaji,6.767780726937869,22349.0,20730.0,92.751677852349,Balanced,-0.5432494553071697
assam,dhubri,10.488945467771687,80799.0,59475.0,73.60767326732673,Balanced,-0.5040815705721151
assam,dibrugarh,8.936779893737688,26519.0,26735.0,100.81070889894418,Balanced,-0.5204401943101375
assam,dima hasao,0.1066925315227934,280.0,25.0,8.896797153024911,Balanced,-0.6133211885729305
assam,goalpara,7.666771767037521,40567.0,27624.0,68.09307828830605,Balanced,-0.5337870803052668
assam,golaghat,3.056262508957031,27924.0,20154.0,72.17188898836169,Balanced,-0.5822793728771168
assam,hailakandi,9.85427798209701,21302.0,21123.0,99.15504858470638,Balanced,-0.510799295256564
assam,hojai,9.502208947794164,25308.0,29002.0,114.5916472401122,Balanced,-0.514495472951889
assam,jorhat,9.539256750735229,19788.0,16279.0,82.26287331345698,Balanced,-0.5141300907988952
assam,kamrup,8.918429720186344,44584.0,43252.0,97.01020522597284,Balanced,-0.520607854445037
assam,kamrup metro,7.096491654907304,26191.0,26762.0,102.17623701893709,Balanced,-0.5397883135566434
assam,karbi anglong,6.210464804850137,31121.0,39206.0,125.97519439624702,Balanced,-0.549093880204513
assam,karimganj,4.942179437498725,41414.0,35646.0,86.07026439695761,Balanced,-0.5624356714964355
assam,kokrajhar,11.640480885439858,22669.0,28859.0,127.30039700044112,Balanced,-0.4920078863365005
assam,lakhimpur,9.418114075941045,35412.0,29772.0,84.07082144975008,Balanced,-0.5153733117555875
assam,majuli,13.615531508593254,3281.0,3382.0,103.04692260816574,Balanced,-0.4719698768922007
assam,marigaon,6.6121375636078,43810.0,33936.0,77.45999863048092,Balanced,-0.5448740140339836
assam,nagaon,12.712112935223256,97377.0,117879.0,121.05300992010515,Balanced,-0.480695285696486
assam,nalbari,15.00051171835022,20961.0,20251.0,96.60814807747352,Balanced,-0.456724406295774
assam,north cachar hills,6.622232801713877,3599.0,4024.0,111.77777777777776,Balanced,-0.5448953745578258
assam,sibsagar,16.11943201711729,13070.0,11380.0,87.06296381302118,Balanced,-0.4451008320610691
assam,sonitpur,6.40960669824832,43576.0,30117.0,69.112146315717,Balanced,-0.5470062147222999
assam,south salmara mankachar,7.841252403185938,21047.0,4848.0,23.03306727480045,Balanced,-0.532121736526088
assam,sribhumi,0.974477958236659,5087.0,357.0,7.0165094339622645,Balanced,-0.6043892501078739
assam,tamulpurrict,0.5135951661631419,1268.0,70.0,5.516154452324665,Balanced,-0.609172574517585
assam,tinsukia,4.214014160650135,35249.0,19249.0,54.60709219858156,Balanced,-0.570102754332045
assam,udalguri,9.82905982905983,19780.0,22348.0,112.97709923664124,Balanced,-0.5110703148533536
assam,west karbi anglong,1.0981663458616149,1451.0,3392.0,233.60881542699724,Critical Gap,-0.602888409453005
bihar,araria,13.151710757737844,155315.0,155444.0,100.08241262973551,Balanced,-0.4760572348669862
bihar,arwal,4.004503162146949,27770.0,30704.0,110.56137697598214,Balanced,-0.572306142687598
bihar,banka,10.39252881949511,98120.0,98227.0,100.10802988147287,Balanced,-0.5050909047180334
bihar,begusarai,14.380091574002495,132990.0,147208.0,110.6901970810055,Balanced,-0.463135007087592
bihar,bhabua,0.2339181286549707,132.0,33.0,24.81203007518797,Balanced,-0.6120957172124084
bihar,bhagalpur,7.07872637866479,155026.0,148314.0,95.66978655331006,Balanced,-0.5399491265977788
bihar,bhojpur,3.903569910332078,142341.0,96996.0,68.14292338171445,Balanced,-0.5733593953166288
bihar,buxar,5.342182827391837,73902.0,57028.0,77.16601491143797,Balanced,-0.5582276487658624
bihar,chhatrapati sambhajinagar,6.560786911120193,106534.0,96430.0,90.51485427324354,Balanced,-0.5454017679780006
bihar,darbhanga,16.438498529178627,153928.0,210380.0,136.67340137336043,Balanced,-0.4414741742086279
bihar,east champaran,5.222060736700579,248028.0,212134.0,85.52790197920405,Balanced,-0.5594835401021886
bihar,gaya,4.2431128081762095,195174.0,185172.0,94.87485589855258,Balanced,-0.5697846092235499
bihar,gopalganj,4.852058741229752,105867.0,103484.0,97.7481391922016,Balanced,-0.5633792571847979
bihar,jamui,9.257720069197273,66920.0,82157.0,122.76714334812692,Balanced,-0.5170297702732126
bihar,jehanabad,4.097358313083014,46361.0,37430.0,80.73422199214875,Balanced,-0.5713265819035087
bihar,kaimur bhabua,7.977310870812177,67018.0,78157.0,116.6191676987123,Balanced,-0.5305025343660934
bihar,katihar,20.036915420856197,180294.0,217280.0,120.51360270667516,Balanced,-0.4036181816204807
bihar,khagaria,10.394802995422191,75624.0,79904.0,105.65818181818184,Balanced,-0.5050725032913628
bihar,kishanganj,32.44206273497559,145141.0,141279.0,97.338468534263,Balanced,-0.2732085546187529
bihar,lakhisarai,6.60512401039993,48883.0,49497.0,101.25398903526715,Balanced,-0.5449447095260214
bihar,madhepura,11.696814652147337,91861.0,117237.0,127.62295617339052,Balanced,-0.4913700562449774
bihar,madhubani,8.817067041111846,181691.0,238135.0,131.06520925522312,Balanced,-0.5216561308183998
bihar,monghyr,0.2487562189054726,282.0,99.0,34.98233215547703,Balanced,-0.6119286804869899
bihar,munger,6.117540533657792,55947.0,50471.0,90.21055265603776,Balanced,-0.5500738233842505
bihar,muzaffarpur,6.599612851075295,206917.0,208544.0,100.78581853681168,Balanced,-0.5449888667373474
bihar,nalanda,4.751419200787877,153043.0,117402.0,76.71127257520713,Balanced,-0.5644377372501163
bihar,nawada,3.105548420448946,86518.0,86245.0,99.68330655694125,Balanced,-0.5817559467485791
bihar,pashchim champaran,0.0037254007134142,1120.0,353.0,31.489741302408564,Balanced,-0.6143950310937231
bihar,patna,5.44116703884882,243772.0,209014.0,85.74124287759514,Balanced,-0.5571781282176882
bihar,purba champaran,0.4084720121028745,934.0,264.0,28.235294117647054,Balanced,-0.610193493011001
bihar,purnea,11.657207718501704,2806.0,4954.0,176.48735304595652,Balanced,-0.4930022856233092
bihar,purnia,13.732887800961002,143374.0,228551.0,159.40784655623366,Balanced,-0.4699355883098919
bihar,rohtas,9.775980937872308,117745.0,111710.0,94.87371120887332,Balanced,-0.511576597310838
bihar,saharsa,6.448434720469508,81177.0,119866.0,147.6582325260539,Balanced,-0.5465846143566728
bihar,samastipur,11.963503743370444,202292.0,200165.0,98.94806048652202,Balanced,-0.4885530773193701
bihar,samstipur,0.316301703163017,448.0,195.0,43.42984409799555,Balanced,-0.6111770152226068
bihar,saran,3.841385741538725,169845.0,148503.0,87.43391071912203,Balanced,-0.5740123414766172
bihar,sheikhpura,8.729641693811075,28088.0,40423.0,143.9104275695112,Balanced,-0.5226122011182223
bihar,sheikpura,0.2762430939226519,178.0,133.0,74.30167597765363,Balanced,-0.6116649382889607
bihar,sheohar,10.966979140275315,31480.0,32682.0,103.81499952352212,Balanced,-0.4991129218949183
bihar,sitamarhi,4.503847561266646,169848.0,182000.0,107.15400149544595,Balanced,-0.5670410926882877
bihar,siwan,5.862206512947225,123722.0,125804.0,101.68198313975574,Balanced,-0.552750544463981
bihar,supaul,10.305055773487322,106911.0,112370.0,105.1051331936546,Balanced,-0.5060122812851692
bihar,vaishali,7.454862292614017,155594.0,168160.0,108.07545229602492,Balanced,-0.5359916564655716
bihar,west champaran,4.1763465614468105,233389.0,166817.0,71.47564162988988,Balanced,-0.570487415193132
chandigarh,chandigarh,232.90383704405497,83336.0,74462.0,89.35046857938251,Balanced,1.826081058449106
chandigarh,mohali,0.0,5.0,6.0,100.0,Uncategorized,0.0
chandigarh,rupnagar,30.0,20.0,14.0,66.66666666666666,Balanced,-0.582864290264174
chhattisgarh,balod,377.5105485232068,59734.0,81215.0,135.9588181133339,Maintenance Heavy,3.308569422219544
chhattisgarh,baloda bazar,95.51859099804304,116270.0,140747.0,121.05082092697232,Balanced,0.3891310189691344
chhattisgarh,balrampur,13.162096721418756,60301.0,52243.0,86.63560080926005,Balanced,-0.4760068876955775
chhattisgarh,bastar,15.291189646590343,79431.0,94384.0,118.82364790009063,Balanced,-0.4536003025593542
chhattisgarh,bemetara,114.15425355842436,58693.0,111710.0,190.3260980679456,Critical Gap,0.5832786277249784
chhattisgarh,bijapur,6.108114246777583,13047.0,27884.0,213.7032495401594,Critical Gap,-0.5501894609451247
chhattisgarh,bilaspur,47.06724390754836,153341.0,195037.0,127.190854429967,Balanced,-0.1194419354572631
chhattisgarh,dakshin bastar dantewada,46.85647879140035,5896.0,27211.0,461.4380193318637,Critical Gap,-0.1239139903983095
chhattisgarh,dantewada,42.24425059476606,2398.0,18928.0,788.9954147561484,Critical Gap,-0.1730350810756037
chhattisgarh,dhamtari,301.0774410774411,44713.0,90278.0,201.90097061323075,Maintenance Heavy,2.5222148058850875
chhattisgarh,durg,147.82349548163813,77149.0,179851.0,233.1186001296176,Critical Gap,0.9384715791921948
chhattisgarh,gariyaband,73.69271060672196,27599.0,52088.0,188.7246376811594,Critical Gap,0.1580227478497133
chhattisgarh,gaurelapendramarwahi,33.78109452736318,3425.0,2289.0,66.81260945709282,Balanced,-0.2741804216908176
chhattisgarh,janjgir champa,5.098039215686275,451.0,392.0,86.72566371681415,Balanced,-0.5688332053290214
chhattisgarh,janjgirchampa,90.81454291207832,112160.0,180654.0,161.0666809318747,Balanced,0.3397346401053601
chhattisgarh,jashpur,34.567478002514,71023.0,74603.0,105.03914169858076,Balanced,-0.251043547046037
chhattisgarh,kabeerdham,180.542888165038,27101.0,32517.0,119.98007527119768,Balanced,1.267088996871384
chhattisgarh,kanker,70.7578491519307,28840.0,53209.0,184.4908290281197,Critical Gap,0.1277622137491867
chhattisgarh,kawardha,93.11940879035394,67000.0,60791.0,90.73148161967733,Balanced,0.362072176865708
chhattisgarh,khairagarh chhuikhadan gandai,2.091917591125198,6103.0,1035.0,16.956094364351245,Balanced,-0.5927298968592031
chhattisgarh,kondagaon,16.403567024001518,61964.0,57346.0,92.54579197934318,Balanced,-0.441961608420123
chhattisgarh,korba,67.28071968922511,83374.0,101874.0,122.18770614692652,Balanced,0.0922814502047919
chhattisgarh,koriya,37.80003967466772,31735.0,60897.0,191.886186034787,Critical Gap,-0.2173614737851008
chhattisgarh,mahasamund,53.9158231220032,134887.0,99869.0,74.03846153846155,Balanced,-0.0479664938267356
chhattisgarh,manendragarhchirmiribharatpur,0.8482563619227145,5113.0,593.0,11.595619867031678,Balanced,-0.6055828460119794
chhattisgarh,mohallamanpurambagarh chowki,8.78048780487805,181.0,67.0,36.81318681318682,Balanced,-0.5386663727184433
chhattisgarh,mohlamanpurambagarh chouki,11.38560687432868,19811.0,4595.0,23.193014334746614,Balanced,-0.4957670768635195
chhattisgarh,mungeli,81.42495071810757,70564.0,82567.0,117.00843194218096,Balanced,0.2402598482981678
chhattisgarh,narayanpur,23.37798105194381,16765.0,22173.0,132.24979124418465,Balanced,-0.3691416162315773
chhattisgarh,raigarh,63.38985762278036,83436.0,174626.0,209.2908421923128,Critical Gap,0.0516780776038816
chhattisgarh,raipur,76.67436786035168,133011.0,192374.0,144.6290560250203,Balanced,0.1915031924502025
chhattisgarh,rajnandgaon,144.58905955268122,148118.0,154498.0,104.30667233778246,Balanced,0.9034406161427831
chhattisgarh,sakti,8.039950062421973,9685.0,4024.0,41.54449721247161,Balanced,-0.5307673915697648
chhattisgarh,sarangarhbilaigarh,4.688796680497925,8055.0,1043.0,12.94687189672294,Balanced,-0.5668688534381
chhattisgarh,sukma,17.3137669444099,12746.0,30139.0,236.43994665411464,Critical Gap,-0.4324397303118753
chhattisgarh,surajpur,34.1424802110818,42067.0,71822.0,170.72834458495768,Balanced,-0.2555906936959431
chhattisgarh,surguja,44.5030187012222,115683.0,82860.0,71.62615400573978,Balanced,-0.1467348391879208
chhattisgarh,uttar bastar kanker,43.417643429981496,13568.0,30301.0,223.31048713980397,Critical Gap,-0.1600594962136488
dadra and nagar haveli and daman and diu,dadra and nagar haveli,51.06258442143179,7722.0,29213.0,378.2597436229445,Critical Gap,-0.0792553045199537
dadra and nagar haveli and daman and diu,dadra nagar haveli,23.225806451612904,235.0,553.0,234.3220338983051,Critical Gap,-0.4250145847437076
dadra and nagar haveli and daman and diu,daman,173.15789473684208,3168.0,5966.0,188.2612811612496,Critical Gap,1.11665087250618
dadra and nagar haveli and daman and diu,diu,245.4320987654321,1079.0,3536.0,327.4074074074074,Critical Gap,1.7100488395553404
delhi,central delhi,23.85258282146813,49047.0,54060.0,110.21856140923175,Balanced,-0.3636532907667376
delhi,east delhi,21.898620886050203,187061.0,122805.0,65.64935689771306,Balanced,-0.3840725179763415
delhi,najafgarh,5.604395604395605,195.0,845.0,431.1224489795919,Critical Gap,-0.5607653314913086
delhi,new delhi,4.981079466241784,4061.0,4563.0,112.33382570162482,Balanced,-0.5621105582726162
delhi,north delhi,20.845459718722054,86900.0,60830.0,69.99919448567911,Balanced,-0.3952312988496754
delhi,north east,5.863758882626807,11827.0,46620.0,394.149475820088,Critical Gap,-0.5528638409346118
delhi,north east delhi,20.612413645941693,141148.0,143096.0,101.37939340696713,Balanced,-0.3975753950445232
delhi,north west delhi,40.56208435820352,313989.0,325293.0,103.5997961718526,Balanced,-0.1877033182960897
delhi,shahdara,5.1601630751310426,28544.0,7963.0,27.89630408127518,Balanced,-0.5602269293949598
delhi,south delhi,34.768893205280385,213489.0,222936.0,104.42456321139164,Balanced,-0.2486686701717241
delhi,south east delhi,26.263736263736263,1169.0,582.0,49.74358974358975,Balanced,-0.3629270339056575
delhi,south west delhi,34.21829211865714,169699.0,141527.0,83.39835002946376,Balanced,-0.2545109459954958
delhi,west delhi,16.15491135275022,231805.0,173242.0,74.73577042872057,Balanced,-0.4444657574136831
goa,bardez,90.0,31.0,40.0,125.0,Balanced,-0.5197244080559874
goa,north goa,125.39356605065024,18843.0,37771.0,200.4404585013797,Critical Gap,0.6970426870602783
goa,south goa,147.22479185938946,16238.0,30584.0,188.33672024139415,Critical Gap,0.922066113193336
goa,tiswadi,0.0,4.0,2.0,40.0,Uncategorized,0.0
gujarat,ahmadabad,0.4125575987252918,7760.0,15682.0,202.0615900012885,Critical Gap,-0.6100944403541014
gujarat,ahmedabad,29.21079044214752,267884.0,405490.0,151.3671911454542,Balanced,-0.3070886269258296
gujarat,amreli,57.87429739397036,27888.0,68514.0,245.666750331672,Critical Gap,-0.0063370324822803
gujarat,anand,61.54570704021253,39149.0,113695.0,290.4086845466156,Critical Gap,0.032527416525266
gujarat,arvalli,59.26420366345855,8096.0,29669.0,366.4196616030629,Critical Gap,0.007483834406796
gujarat,banas kantha,0.0087809379232337,473.0,547.0,115.40084388185656,Balanced,-0.6143418391795201
gujarat,banaskantha,12.802926778640742,75207.0,151757.0,201.78305499414955,Critical Gap,-0.4797259879219705
gujarat,bharuch,75.49891753591812,49806.0,76378.0,153.34792298271327,Balanced,0.1786597507496906
gujarat,bhavnagar,50.25131769918265,57862.0,141152.0,243.9417244180219,Critical Gap,-0.0859871561541015
gujarat,botad,21.843492933980173,7545.0,16256.0,215.42539093559503,Critical Gap,-0.3850038383338883
gujarat,chhotaudepur,14.275957332514771,9631.0,33802.0,350.9343853820598,Critical Gap,-0.4643075405810875
gujarat,dahod,15.480455398216444,35936.0,115675.0,321.8827392381111,Critical Gap,-0.451566213866883
gujarat,devbhumi dwarka,42.21037668798863,6586.0,25464.0,386.57962653711854,Critical Gap,-0.1711862875923573
gujarat,dohad,0.2957667698939987,5212.0,15716.0,301.47707653942064,Critical Gap,-0.6113221669698825
gujarat,gandhinagar,40.24130928204516,64588.0,76564.0,118.5403087212993,Balanced,-0.191417112819148
gujarat,gir somnath,24.5103066352169,12066.0,36766.0,304.6821910996934,Critical Gap,-0.3567424306893638
gujarat,jamnagar,51.17006632461519,45719.0,81102.0,177.38845144356955,Balanced,-0.0765613598072783
gujarat,junagadh,59.83981693363844,38045.0,102672.0,269.8627976659833,Critical Gap,0.014282902687767
gujarat,kachchh,25.86081148516372,66789.0,123961.0,185.59814343464592,Balanced,-0.3423867854507993
gujarat,kheda,40.62985050240994,52619.0,117161.0,222.6548840744964,Critical Gap,-0.1871876950928717
gujarat,mahesana,47.30095804426825,50217.0,99913.0,198.95854076227647,Critical Gap,-0.1171642459684791
gujarat,mahisagar,45.43439939561823,7507.0,30952.0,412.2535961640916,Critical Gap,-0.1373949705642047
gujarat,morbi,11.890632799068271,19799.0,31879.0,161.0050505050505,Balanced,-0.4893677980216745
gujarat,narmada,159.5525494276795,14757.0,39198.0,265.6050955414013,Critical Gap,1.0490087478381314
gujarat,navsari,120.17901541521633,29602.0,45552.0,153.8762963213188,Balanced,0.6446125287038879
gujarat,panch mahals,0.0495383922539968,417.0,327.0,78.22966507177034,Balanced,-0.6139139776571886
gujarat,panchmahals,34.92469476873719,32470.0,104768.0,322.6509808752425,Critical Gap,-0.2472052548386409
gujarat,patan,15.76904088685427,29559.0,73949.0,250.1657645466847,Critical Gap,-0.4485586697274242
gujarat,porbandar,42.9298404095152,14623.0,30985.0,211.8777352297593,Critical Gap,-0.163891037853695
gujarat,rajkot,21.30757482382573,137600.0,168711.0,122.60884731942356,Balanced,-0.3902619966616233
gujarat,sabar kantha,0.0492857739537214,643.0,617.0,95.80745341614907,Balanced,-0.6139159713445773
gujarat,sabarkantha,31.62560736510102,43877.0,90387.0,205.9961712019691,Critical Gap,-0.2818831765806863
gujarat,surat,21.694925848947506,357582.0,281599.0,78.75066767715467,Balanced,-0.3861638259724829
gujarat,surendra nagar,26.844633955918564,38759.0,95711.0,246.93240454076368,Critical Gap,-0.3320923351273979
gujarat,surendranagar,0.0775585904569212,913.0,527.0,57.65864332603938,Balanced,-0.6136192946169831
gujarat,tapi,81.57484154071184,12190.0,40025.0,328.31597079812974,Critical Gap,0.2402529605614809
gujarat,the dangs,68.71037076840409,6581.0,27950.0,424.6429656639319,Critical Gap,0.1051465830667426
gujarat,vadodara,29.887386461715508,100027.0,201417.0,201.3606190266725,Critical Gap,-0.3000361832789002
gujarat,valsad,28.28177227793187,48343.0,84024.0,173.80440178719178,Balanced,-0.3170066436197534
haryana,ambala,217.7805077805078,33242.0,72756.0,218.8611136179045,Critical Gap,1.6605693022332066
haryana,bhiwani,248.948060486522,34280.0,95625.0,278.94460488317145,Critical Gap,1.9899139601491436
haryana,charkhi dadri,158.2722513089005,12095.0,9788.0,80.91931216931218,Balanced,0.976164634592965
haryana,faridabad,18.286564757681933,160555.0,118951.0,74.08692294277385,Balanced,-0.4220526601185251
haryana,fatehabad,324.256243213898,41970.0,69794.0,166.29101045960306,Maintenance Heavy,2.7647941597881527
haryana,gurgaon,0.0,119213.0,70791.0,59.38144848759374,Uncategorized,0.0
haryana,hisar,184.4448287789692,63206.0,115867.0,183.3135570427326,Critical Gap,1.3205128600036464
haryana,jhajjar,248.92107892107893,32384.0,56639.0,174.89269723637486,Critical Gap,1.981698516125765
haryana,jind,378.68621064060807,44013.0,91268.0,207.36129413368477,Maintenance Heavy,3.3320347144649247
haryana,kaithal,404.2538190364278,39974.0,79936.0,199.9649781113196,Maintenance Heavy,3.595135977403114
haryana,karnal,181.03852596314908,49131.0,94019.0,191.36000976960025,Critical Gap,1.2811653433708436
haryana,kurukshetra,299.07810499359795,28709.0,69992.0,243.7896203413445,Maintenance Heavy,2.497003255169329
haryana,mahendragarh,132.1792392005158,28534.0,48832.0,171.13019099351675,Critical Gap,0.768504577552707
haryana,mewat,69.56553353935648,66667.0,68325.0,102.48545029099418,Balanced,0.1164299586931006
haryana,palwal,92.19211080999698,68968.0,58697.0,85.10635212921748,Balanced,0.3531101998469714
haryana,panchkula,198.7296416938111,34418.0,37369.0,108.570847497022,Balanced,1.456621797406711
haryana,panipat,57.86411342294237,69084.0,79773.0,115.47079684446696,Balanced,-0.0065194218479027
haryana,rewari,166.46902065289808,44031.0,49732.0,112.9451308139535,Balanced,1.126930268340294
haryana,rohtak,134.48456305599163,26531.0,75970.0,286.3334840946781,Critical Gap,0.7941551546997827
haryana,sirsa,205.15901060070672,55162.0,97066.0,175.9621485415949,Critical Gap,1.5347542884852643
haryana,sonipat,129.14584110406562,60664.0,84653.0,139.5417456523531,Balanced,0.7400609864608841
haryana,yamuna nagar,305.10445049954586,52881.0,88728.0,167.78487954313377,Maintenance Heavy,2.5702428303996028
haryana,yamunanagar,45.80645161290322,428.0,882.0,205.5944055944056,Critical Gap,-0.2408565949698302
himachal pradesh,bilaspur,686.0283687943263,6760.0,21906.0,324.005324656116,Maintenance Heavy,6.171699997518269
himachal pradesh,chamba,253.90015600624028,19658.0,33842.0,172.1450735032301,Critical Gap,2.0204416223195167
himachal pradesh,hamirpur,696.0248447204968,7320.0,23819.0,325.35172790602377,Maintenance Heavy,6.32228655318995
himachal pradesh,kangra,595.2463382157124,34127.0,89913.0,263.4581575246132,Maintenance Heavy,5.575351194843492
himachal pradesh,kinnaur,105.260663507109,1169.0,4467.0,381.7948717948718,Critical Gap,0.4479421200285681
himachal pradesh,kullu,102.6912691269127,9602.0,21248.0,221.26418827449757,Critical Gap,0.4575343938001852
himachal pradesh,lahaul and spiti,150.0,59.0,47.0,78.33333333333333,Balanced,-0.4565845258478009
himachal pradesh,lahul and spiti,506.3636363636363,233.0,765.0,326.9230769230769,Maintenance Heavy,2.316308634461724
himachal pradesh,lahul spiti,52.38095238095238,277.0,595.0,214.02877697841728,Critical Gap,-0.2285793956515718
himachal pradesh,mandi,669.8143851508121,16305.0,63334.0,388.4091745369802,Maintenance Heavy,6.290055387829221
himachal pradesh,shimla,123.29608938547486,15742.0,39727.0,252.34707489042748,Critical Gap,0.6758409541268037
himachal pradesh,sirmaur,227.645305514158,19418.0,31453.0,161.9702353365261,Critical Gap,1.7494424861073432
himachal pradesh,solan,249.6466973886329,8983.0,33569.0,373.65316117542295,Critical Gap,1.976852045519226
himachal pradesh,una,717.4407582938388,9561.0,31549.0,329.9414348462665,Maintenance Heavy,6.626562260052397
jammu and kashmir,anantnag,79.00322486074464,35566.0,47569.0,133.74476340427924,Balanced,0.2147536564222836
jammu and kashmir,badgam,24.476834981780325,12119.0,14141.0,116.67491749174916,Balanced,-0.3580579566334718
jammu and kashmir,bandipore,34.57643622200584,15894.0,20373.0,128.17238125196602,Balanced,-0.2516353289066647
jammu and kashmir,bandipur,0.0,1.0,1.0,50.0,Balanced,-0.6144342313682671
jammu and kashmir,baramula,53.629017102048486,36795.0,61935.0,168.3199260789216,Balanced,-0.0510322055106028
jammu and kashmir,budgam,362.0743639921722,18622.0,23111.0,124.09923213230952,Maintenance Heavy,3.129841732144127
jammu and kashmir,doda,18.990323526536997,11377.0,36779.0,323.24661627702585,Critical Gap,-0.4147687412278284
jammu and kashmir,ganderbal,122.97800338409476,7529.0,13696.0,181.8857901726428,Critical Gap,0.660289834990343
jammu and kashmir,jammu,54.96227996647108,35116.0,98799.0,281.34236979240825,Critical Gap,-0.0366715811542414
jammu and kashmir,kargil,13.097094259390504,2056.0,2923.0,142.10014584346135,Balanced,-0.477482937564595
jammu and kashmir,kathua,74.43727829732345,20478.0,40163.0,196.1179745104741,Critical Gap,0.1666257370194978
jammu and kashmir,kishtwar,53.037542662116046,5868.0,20920.0,356.4491395467712,Critical Gap,-0.0587419670797129
jammu and kashmir,kulgam,61.90004308487721,12407.0,25744.0,207.47904577691813,Critical Gap,0.03444322763389
jammu and kashmir,kupwara,55.78923665841027,45137.0,49760.0,110.23970933581462,Balanced,-0.0285339611098293
jammu and kashmir,leh,38.97862232779097,1427.0,2564.0,179.55182072829132,Balanced,-0.2128352131371273
jammu and kashmir,leh ladakh,90.0,7.0,11.0,137.5,Balanced,-0.5197244080559874
jammu and kashmir,poonch,0.0,3.0,1.0,25.0,Uncategorized,0.0
jammu and kashmir,pulwama,174.2845046570703,21487.0,32832.0,152.7922561429635,Critical Gap,1.2057453141374794
jammu and kashmir,punch,47.22495894909688,23440.0,46375.0,197.83712298963357,Critical Gap,-0.1182858673498397
jammu and kashmir,rajauri,1.818181818181818,15.0,12.0,75.0,Balanced,-0.6039109176669027
jammu and kashmir,rajouri,50.3315940077428,15808.0,55736.0,352.5586691125308,Critical Gap,-0.0855802375897816
jammu and kashmir,ramban,36.59018589850946,7754.0,29877.0,385.26112185686657,Critical Gap,-0.2299637334628995
jammu and kashmir,reasi,21.992632871426064,8400.0,23240.0,276.6337340792763,Critical Gap,-0.3833636408468887
jammu and kashmir,samba,145.1592356687898,5120.0,11225.0,219.19546963483697,Critical Gap,0.8844802639698274
jammu and kashmir,shupiyan,72.23263075722092,8207.0,15529.0,189.19346978557505,Critical Gap,0.1403891924978179
jammu and kashmir,srinagar,120.221320545924,39716.0,72844.0,183.40760883248987,Critical Gap,0.646506357436399
jammu and kashmir,udhampur,64.07906044113435,16853.0,45486.0,269.8825204699181,Critical Gap,0.0581558472017958
jharkhand,bokaro,20.16241604846144,70673.0,108432.0,153.4255879106885,Balanced,-0.4023425925218123
jharkhand,chatra,11.52530949593842,47296.0,67692.0,143.12112818994862,Balanced,-0.4931884918395326
jharkhand,deoghar,9.022315240140252,60060.0,67426.0,112.26253309135711,Balanced,-0.5195127979435143
jharkhand,dhanbad,12.938858929846594,107797.0,151069.0,140.1408189391269,Balanced,-0.4783047282289528
jharkhand,dumka,12.191181869764026,59658.0,76212.0,127.7460232320354,Balanced,-0.486181126177731
jharkhand,east singhbhum,28.17505096960789,60660.0,136106.0,224.3715072286972,Critical Gap,-0.3180657984820684
jharkhand,garhwa,26.184382997316025,42389.0,105042.0,247.79900920028308,Critical Gap,-0.3390424598322488
jharkhand,giridih,8.215320022678169,125671.0,110410.0,87.8556878222675,Balanced,-0.5279937624261878
jharkhand,godda,20.85710271181678,57677.0,80934.0,140.32039945906584,Balanced,-0.3950408766167876
jharkhand,gumla,13.30295947070243,46753.0,87878.0,187.95824956153484,Balanced,-0.4744929135605783
jharkhand,hazaribag,7.712638154733302,9726.0,7734.0,79.51064048524725,Balanced,-0.5336212242357796
jharkhand,hazaribagh,18.728089448757387,66645.0,74932.0,112.43285418479728,Balanced,-0.4174392369108562
jharkhand,jamtara,13.96044266541088,33003.0,39641.0,120.10968367470608,Balanced,-0.4676278150497033
jharkhand,khunti,13.038956610689628,21421.0,42955.0,200.5181589020633,Critical Gap,-0.4773263894806435
jharkhand,kodarma,9.888977002379065,3003.0,4898.0,163.04926764314246,Balanced,-0.5111068913241614
jharkhand,koderma,16.114352392065346,24185.0,38143.0,157.7069378979575,Balanced,-0.4449947238520381
jharkhand,latehar,23.994150146246344,38645.0,43463.0,112.46442063861718,Balanced,-0.3621822019618597
jharkhand,lohardaga,15.082145577195082,17419.0,39196.0,225.00574052812857,Critical Gap,-0.4558753460114046
jharkhand,pakaur,10.47952047952048,3678.0,2484.0,67.51834737700462,Balanced,-0.5051376365887497
jharkhand,pakur,7.26006671022317,45461.0,37287.0,82.01794905635475,Balanced,-0.538057908859877
jharkhand,palamau,7.503782148260212,3686.0,2634.0,71.44019528071604,Balanced,-0.53653029710145
jharkhand,palamu,28.67910335489695,114051.0,113041.0,99.1135622347701,Balanced,-0.3127711801064477
jharkhand,pashchimi singhbhum,14.339547798492662,9157.0,14111.0,154.08386110504478,Balanced,-0.4640714684021312
jharkhand,purbi singhbhum,23.1493317838466,4866.0,20559.0,422.4162728580234,Critical Gap,-0.3720938742223952
jharkhand,ramgarh,16.262076728261892,35460.0,37237.0,105.0083189983362,Balanced,-0.4434476431390685
jharkhand,ranchi,13.369101038347312,103653.0,177774.0,171.50712948849056,Balanced,-0.4737744294817808
jharkhand,sahebganj,13.76690011610052,65749.0,64425.0,97.98479087452472,Balanced,-0.4696096382014926
jharkhand,sahibganj,3.672094329028636,2656.0,2097.0,78.92359804290552,Balanced,-0.5759859232079748
jharkhand,seraikelakharsawan,24.97690079085428,34701.0,78588.0,226.4653334101781,Critical Gap,-0.3517795674824125
jharkhand,simdega,34.50092577007238,26085.0,62711.0,240.40098136931687,Critical Gap,-0.251919339037399
jharkhand,west singhbhum,22.51979452319339,59305.0,131186.0,221.20190199979768,Critical Gap,-0.37753371836759
karnataka,bagalkot,43.30684137042208,53857.0,78859.0,146.42021612388132,Balanced,-0.1591428382565531
karnataka,ballari,94.16323474354174,24399.0,37360.0,153.11475409836066,Balanced,0.3731473466280631
karnataka,belagavi,156.19836039221988,54321.0,190070.0,349.89507013732924,Critical Gap,1.0269155530222336
karnataka,bellary,48.72336856232176,27380.0,68247.0,249.2494795661225,Critical Gap,-0.1024759011464443
karnataka,bengaluru rural,18.81957677264066,,,0.0,Uncategorized,0.0
karnataka,bengaluru south,0.1256144183506281,,,0.0,Uncategorized,0.0
karnataka,bengaluru urban,12.94031754002286,407793.0,496054.0,121.64328067602762,Balanced,-0.4782673075869956
karnataka,bidar,42.859055908938736,43059.0,79708.0,185.1091500232234,Critical Gap,-0.1638674688101825
karnataka,bijapur,22.120202128803356,30382.0,55110.0,181.38432676167596,Balanced,-0.3818814321288777
karnataka,bijapurkar,30.0,1.0,13.0,650.0,Critical Gap,-0.582864290264174
karnataka,chamarajanagar,26.95906432748538,1166.0,1907.0,163.41045415595542,Balanced,-0.344920474905545
karnataka,chamrajanagar,73.65108745950948,15211.0,28965.0,190.4088877202209,Critical Gap,0.1574047588202863
karnataka,chamrajnagar,25.020746887966805,1936.0,2252.0,116.26226122870418,Balanced,-0.3606119048913573
karnataka,chickmagalur,66.67972575905975,10484.0,21919.0,209.05102527420124,Critical Gap,0.0811261538636646
karnataka,chikkaballapur,71.65822357311718,36221.0,41933.0,115.7666611451604,Balanced,0.1373626377076596
karnataka,chikkamagaluru,98.85383806519454,11089.0,15176.0,136.84400360685302,Balanced,0.4160831864080548
karnataka,chikmagalur,22.087912087912088,712.0,1385.0,194.24964936886397,Critical Gap,-0.4029156259708423
karnataka,chitradurga,91.24808340999692,47341.0,61227.0,129.32913691859238,Balanced,0.3431551340684291
karnataka,dakshina kannada,73.44274665157518,56402.0,78051.0,138.38093718419233,Balanced,0.157116896732523
karnataka,davanagere,17.483731019522775,3186.0,6251.0,196.14057106997177,Critical Gap,-0.4339705964044433
karnataka,davangere,113.2348764555524,33773.0,89432.0,264.7954047492154,Critical Gap,0.5741338062334309
karnataka,dharwad,117.53916263172884,55119.0,87821.0,159.32692307692307,Critical Gap,0.6193047170064683
karnataka,gadag,64.40267335004177,29591.0,42065.0,142.14990537983238,Balanced,0.061600979663552
karnataka,gulbarga,30.203385009244773,23699.0,64465.0,272.0042194092827,Critical Gap,-0.2970008652288143
karnataka,hasan,44.134419551934826,8568.0,9682.0,112.98868012603572,Balanced,-0.1583538155511331
karnataka,hassan,190.0211118930331,38846.0,47012.0,121.01835405565424,Balanced,1.3726323180320268
karnataka,haveri,126.93862550532891,58594.0,69745.0,119.02892738288249,Balanced,0.7169769600058247
karnataka,kalaburagi,75.02906493937884,40220.0,70137.0,174.3790557171627,Critical Gap,0.1739417163251617
karnataka,kodagu,110.10652463382158,11481.0,17305.0,150.7141612959415,Balanced,0.5305299922709747
karnataka,kolar,99.92995861190704,47265.0,64283.0,136.00262345026022,Balanced,0.4341555161188008
karnataka,koppal,48.84325488386402,43399.0,59812.0,137.81566820276498,Balanced,-0.1011519272831298
karnataka,mandya,209.1072618254497,40261.0,65779.0,163.37737817296707,Critical Gap,1.5729515113120314
karnataka,mysuru,74.01270122581597,58416.0,109107.0,186.7726860331753,Critical Gap,0.163390758056772
karnataka,raichur,26.204951121054425,48164.0,110877.0,230.2024291497976,Critical Gap,-0.3387919648493002
karnataka,ramanagar,52.90160907412292,34834.0,40922.0,117.4738050810966,Balanced,-0.0590525043133633
karnataka,shivamogga,159.86271279516748,24751.0,60503.0,244.4368131868132,Critical Gap,1.0595777093990533
karnataka,tumakuru,290.8814400993172,28425.0,108322.0,381.0666291423345,Maintenance Heavy,2.42959665356777
karnataka,udupi,95.81151832460732,27376.0,34628.0,126.48573620192133,Balanced,0.3895198198566891
karnataka,uttara kannada,106.72998643147898,30631.0,43156.0,140.8853486550013,Balanced,0.5041655736983885
karnataka,vijayanagara,23.255910410618,14692.0,19948.0,135.76533042945618,Balanced,-0.3706151407750842
karnataka,vijayapura,42.2764517278233,31971.0,53092.0,166.05780057550356,Balanced,-0.1700208374391156
karnataka,yadgir,23.617682367064475,35433.0,65183.0,183.95608737370887,Balanced,-0.3660558074147506
kerala,alappuzha,38.78825243806748,36835.0,87629.0,237.8895645564122,Critical Gap,-0.2066646636097979
kerala,ernakulam,33.874716396436284,66207.0,148755.0,224.6782866118898,Critical Gap,-0.2581374126575244
kerala,idukki,72.72224271486536,15492.0,47933.0,309.38488349577227,Critical Gap,0.1483125687140841
kerala,kannur,28.55641368097091,57710.0,119399.0,206.8912339068808,Critical Gap,-0.3140831008447627
kerala,kasaragod,45.49054003257737,28358.0,71756.0,253.02725766070736,Critical Gap,-0.1362622323172826
kerala,kasargod,3.291731669266771,1869.0,2138.0,114.33155080213903,Balanced,-0.5802739361222996
kerala,kollam,48.011707129834,53100.0,127311.0,239.75254703301252,Critical Gap,-0.1096279471684915
kerala,kottayam,38.18430543464743,30210.0,78215.0,258.8957664426864,Critical Gap,-0.2130580526270334
kerala,kozhikode,31.933023353011865,89927.0,152186.0,169.2309403078018,Balanced,-0.2785509397920283
kerala,malappuram,23.49214061854668,152390.0,224009.0,146.99621368716,Balanced,-0.3672731087869861
kerala,palakkad,44.18796611396713,49996.0,159847.0,319.7131827909675,Critical Gap,-0.1497332266165539
kerala,pathanamthitta,41.77463028535721,21035.0,59370.0,282.23046206503136,Critical Gap,-0.1756492426061782
kerala,thiruvananthapuram,39.969155727709634,64938.0,148817.0,229.16429264386576,Critical Gap,-0.1940976272437318
kerala,thrissur,35.14502721129119,58820.0,145512.0,247.38103738460757,Critical Gap,-0.2447910436967898
kerala,wayanad,53.98970398970399,18065.0,36853.0,203.99092217425,Critical Gap,-0.048468834224373
ladakh,kargil,14.24646128226478,2489.0,2942.0,118.15261044176704,Balanced,-0.465629357458891
ladakh,leh,83.81679389312977,3246.0,2821.0,86.88019710502002,Balanced,0.2108942289244566
lakshadweep,lakshadweep,220.3960396039604,1176.0,4820.0,409.5157179269329,Critical Gap,1.5151017958351145
madhya pradesh,agar malwa,13.58584659225837,9884.0,16813.0,170.08598887202834,Balanced,-0.4717710141040353
madhya pradesh,alirajpur,9.878764638211262,21594.0,62133.0,287.71937948599214,Critical Gap,-0.5105044832530521
madhya pradesh,anuppur,91.6470925236322,26195.0,71350.0,272.3698274545732,Critical Gap,0.3475169073787421
madhya pradesh,ashok nagar,34.88989183721112,45017.0,74376.0,165.2139144342263,Balanced,-0.2475339075517224
madhya pradesh,balaghat,134.62877244954635,79292.0,126762.0,159.8653096742461,Critical Gap,0.7999497042459863
madhya pradesh,barwani,9.35871503632512,82759.0,143427.0,173.30473658772354,Balanced,-0.5159601446939268
madhya pradesh,betul,57.6414547262033,48246.0,155822.0,322.96723112317864,Critical Gap,-0.0083070426039998
madhya pradesh,bhind,10.616705537553404,58016.0,83365.0,143.69064239791786,Balanced,-0.5027320577230991
madhya pradesh,bhopal,61.84766889332691,90864.0,186438.0,205.18131293677436,Critical Gap,0.0360050530129008
madhya pradesh,burhanpur,12.292051756007394,16543.0,74141.0,448.1443423597679,Critical Gap,-0.4851232950705229
madhya pradesh,chhatarpur,15.006454208646964,79858.0,158531.0,198.5136302733568,Critical Gap,-0.4565404288242451
madhya pradesh,chhindwara,101.34378499440088,89422.0,140191.0,156.7728660411751,Balanced,0.4505049427234837
madhya pradesh,damoh,79.81984863021,55454.0,134483.0,242.50834009557295,Critical Gap,0.224729992960238
madhya pradesh,datia,15.31660295828486,36445.0,47034.0,129.05119903418756,Balanced,-0.453333136564655
madhya pradesh,dewas,28.829988253919616,47249.0,119901.0,253.75873015873017,Critical Gap,-0.3111866024405366
madhya pradesh,dhar,21.93464861670091,87455.0,146391.0,167.38817233809002,Balanced,-0.3836674962445932
madhya pradesh,dindori,134.54034524287434,47417.0,61476.0,129.64696950525115,Balanced,0.7962791101818416
madhya pradesh,east nimar,6.908872741817213,9607.0,40363.0,420.0978351373856,Critical Gap,-0.5417735896621108
madhya pradesh,guna,35.86367880485528,52953.0,132886.0,250.9461041658798,Critical Gap,-0.2371804507168202
madhya pradesh,gwalior,12.457828314382104,81719.0,127120.0,155.55555555555557,Balanced,-0.4833576539600532
madhya pradesh,harda,43.01775147928994,12261.0,47941.0,390.9721089544936,Critical Gap,-0.1625747145335094
madhya pradesh,indore,21.74841787945938,186687.0,221624.0,118.713575591361,Balanced,-0.3856099210635486
madhya pradesh,jabalpur,47.94699667269862,92051.0,158664.0,172.36344674749057,Balanced,-0.1101378831753437
madhya pradesh,jhabua,7.698208550859195,41462.0,88726.0,213.9883751778694,Critical Gap,-0.5334346635113794
madhya pradesh,katni,22.304053773702336,56942.0,98452.0,172.89570272026413,Balanced,-0.3798092923318323
madhya pradesh,khandwa,29.460271081892703,17730.0,59018.0,332.85206700129714,Critical Gap,-0.3046408487793574
madhya pradesh,khargone,17.46970899187236,40980.0,169201.0,412.87669895805374,Critical Gap,-0.4306304783549203
madhya pradesh,maihar,9.751243781094526,4017.0,1521.0,37.85465405674465,Balanced,-0.5162166368221992
madhya pradesh,mandla,133.75718115664495,56981.0,62247.0,109.23975992418656,Balanced,0.7882993858319274
madhya pradesh,mandsaur,58.127706966959536,54055.0,92460.0,171.04484238567412,Balanced,-0.003418638668402
madhya pradesh,mauganj,1.4285714285714286,4086.0,1061.0,25.9603621238072,Balanced,-0.5996302476866867
madhya pradesh,morena,12.353179636725033,110417.0,145559.0,131.82542701371153,Balanced,-0.4844531445333965
madhya pradesh,narmadapuram,51.13255125534481,18312.0,103906.0,567.3892862993501,Critical Gap,-0.0768807763800592
madhya pradesh,narsimhapur,12.034961900493052,4286.0,10348.0,241.38091905761604,Critical Gap,-0.488295404188966
madhya pradesh,narsinghpur,31.098928074625647,26197.0,63117.0,240.92297121917704,Critical Gap,-0.2874112873502327
madhya pradesh,neemuch,45.64716660123021,36976.0,57011.0,154.17962517240446,Balanced,-0.1346399064141631
madhya pradesh,niwari,74.1614906832298,1739.0,2295.0,131.89655172413794,Balanced,0.1246738015393279
madhya pradesh,pandhurna,19.02439024390244,821.0,377.0,45.86374695863747,Balanced,-0.4502705376269822
madhya pradesh,panna,22.39174743147124,42825.0,98039.0,228.92401811983376,Critical Gap,-0.3788870283862092
madhya pradesh,raisen,54.95325583285912,42813.0,116648.0,272.4529359555286,Critical Gap,-0.0365666768720591
madhya pradesh,rajgarh,52.10839972398219,42280.0,165229.0,390.7878243182517,Critical Gap,-0.0663906101033537
madhya pradesh,ratlam,56.56586157905419,79423.0,134947.0,169.90708098307817,Balanced,-0.0195361525507694
madhya pradesh,rewa,81.87273597156722,83134.0,194959.0,234.5089312563902,Critical Gap,0.24660859763381
madhya pradesh,sagar,59.95643164550237,87877.0,192725.0,219.30972484580892,Critical Gap,0.0162045425652254
madhya pradesh,satna,49.66651251220389,87053.0,172713.0,198.39754635054103,Critical Gap,-0.0920195374190738
madhya pradesh,sehore,42.02889687332773,27869.0,118002.0,423.4015069967708,Critical Gap,-0.1724550559109615
madhya pradesh,seoni,89.36269732995517,74283.0,85752.0,115.43804857035164,Balanced,0.3243108655869106
madhya pradesh,shahdol,54.8399951696655,54777.0,94572.0,172.64595275475557,Balanced,-0.0379622830931617
madhya pradesh,shajapur,58.76086347070368,31225.0,126641.0,405.5626721321976,Critical Gap,0.0034051388855093
madhya pradesh,sheopur,9.87342533297255,38806.0,56268.0,144.994459762414,Balanced,-0.510561185996218
madhya pradesh,shivpuri,18.63183415175361,68930.0,166572.0,241.65034599817207,Critical Gap,-0.4184018450944731
madhya pradesh,sidhi,115.12442258977798,54093.0,121207.0,224.06736421784305,Critical Gap,0.5954336504284815
madhya pradesh,singrauli,88.61948550808985,56704.0,108430.0,191.21770566969403,Critical Gap,0.3171604686619391
madhya pradesh,tikamgarh,58.11708141121435,51168.0,160616.0,313.8931775098204,Critical Gap,-0.0032073716542122
madhya pradesh,ujjain,49.30179796948557,76708.0,149951.0,195.4803217353896,Critical Gap,-0.0958806485012599
madhya pradesh,umaria,21.96335945259905,29625.0,39261.0,132.5221089583474,Balanced,-0.3835362534511191
madhya pradesh,vidisha,30.68174606772132,49297.0,124890.0,253.3368493650858,Critical Gap,-0.2916922583260137
madhya pradesh,west nimar,18.721528288023517,2059.0,9818.0,476.6019417475728,Critical Gap,-0.4187159590246427
maharashtra,ahilyanagar,7.217469608284556,8013.0,5856.0,73.07212378337908,Balanced,-0.5387890660620467
maharashtra,ahmadnagar,70.24720927248622,227667.0,363561.0,159.68910870214523,Balanced,0.124514746348962
maharashtra,akola,77.89063627182225,62082.0,185085.0,298.12509060451333,Critical Gap,0.204170399009052
maharashtra,amravati,101.03306994439568,96191.0,338283.0,351.67477544910184,Critical Gap,0.4478358239305745
maharashtra,beed,46.34472390394539,171151.0,255495.0,149.27958773487896,Balanced,-0.1269124452334481
maharashtra,bhandara,578.1488203266788,37894.0,102204.0,269.70312706161764,Maintenance Heavy,5.371827934179322
maharashtra,bid,4.167312161115414,11918.0,9892.0,82.99353972648711,Balanced,-0.5708839023580051
maharashtra,buldana,28.26940231935772,22941.0,35737.0,155.77107488449133,Balanced,-0.3193158143804455
maharashtra,buldhana,77.33327234470772,114172.0,219501.0,192.252984505969,Critical Gap,0.1986985630718045
maharashtra,chandrapur,175.1213009864036,112071.0,213634.0,190.62210007852096,Critical Gap,1.2240110622892488
maharashtra,chhatrapati sambhajinagar,20.895283923234523,177507.0,316240.0,178.15535074475517,Balanced,-0.3945837958087528
maharashtra,dharashiv,84.75104574281474,112021.0,155698.0,138.98877006302334,Balanced,0.2763458363797084
maharashtra,dhule,14.9199727391008,61908.0,197854.0,319.5884281768402,Critical Gap,-0.4574558553531173
maharashtra,gadchiroli,143.93882879522565,52698.0,140665.0,266.9215734643921,Critical Gap,0.8952114033367625
maharashtra,gondia,6.341463414634147,975.0,865.0,88.62704918032787,Balanced,-0.5597130001211722
maharashtra,gondiya,328.53839037927844,65626.0,97922.0,149.20992884026393,Maintenance Heavy,2.8143316961909743
maharashtra,hingoli,31.35749090659529,96554.0,117073.0,121.25006472994666,Balanced,-0.2846532119381974
maharashtra,jalgaon,57.715094412779656,151076.0,417384.0,276.27236442343974,Critical Gap,-0.0072920552484229
maharashtra,jalna,76.07244995233556,79540.0,192692.0,242.2549377050829,Critical Gap,0.1853376099354287
maharashtra,kolhapur,120.20099482286062,129934.0,271084.0,208.6304690806942,Critical Gap,0.6493239586708413
maharashtra,latur,45.598062657102574,125627.0,246741.0,196.4060559747827,Critical Gap,-0.1348561329987949
maharashtra,mumbai,26.666918209161175,380335.0,626120.0,164.62285978713558,Balanced,-0.3338371101288568
maharashtra,mumbai sub urban,5.739570164348926,3641.0,4927.0,135.28281164195496,Balanced,-0.5547144261130241
maharashtra,nagpur,75.12881965248653,158901.0,350923.0,220.8424060112522,Critical Gap,0.175696490197053
maharashtra,nanded,50.970536553471455,236789.0,342540.0,144.65982516153554,Balanced,-0.0782524838310187
maharashtra,nandurbar,25.219481055912283,41644.0,201392.0,483.5922679793493,Critical Gap,-0.3491313804632232
maharashtra,nashik,36.728081211974974,246100.0,576606.0,234.29648802727337,Critical Gap,-0.227993054432069
maharashtra,palghar,28.578233211118423,122107.0,157952.0,129.35434205785043,Balanced,-0.3137813127248995
maharashtra,parbhani,77.03491247156562,116829.0,184026.0,157.5160489600274,Balanced,0.1955073735717276
maharashtra,pune,43.37142944569391,438478.0,605762.0,138.15074382125482,Balanced,-0.1580859113341864
maharashtra,raigad,5.588749831785762,42361.0,14025.0,33.10750200651527,Balanced,-0.5556932074411618
maharashtra,raigarh,91.3409397619924,85867.0,156663.0,182.44631294545115,Critical Gap,0.3457149741390659
maharashtra,raigarhmh,1.4906832298136643,853.0,500.0,58.548009367681495,Balanced,-0.5995777884957527
maharashtra,ratnagiri,259.43404837973526,53009.0,139189.0,262.57121297868326,Critical Gap,2.104503029599716
maharashtra,sangli,52.29510016092337,89884.0,223013.0,248.1092507092396,Critical Gap,-0.0643911883675548
maharashtra,satara,144.68553897643284,98223.0,209569.0,213.35824238475325,Critical Gap,0.9062285677561954
maharashtra,sindhudurg,360.1353637901861,27892.0,48377.0,173.43778008819416,Maintenance Heavy,3.1185359156290717
maharashtra,solapur,61.970662498497056,265546.0,334507.0,125.96903749618713,Balanced,0.0374673449322419
maharashtra,thane,14.886969792576178,447253.0,571273.0,127.72898621365042,Balanced,-0.4577843225823511
maharashtra,wardha,465.62289562289567,30342.0,126459.0,416.7649869821705,Maintenance Heavy,4.236462607837352
maharashtra,washim,147.8822755672476,54869.0,139459.0,254.16256606524516,Critical Gap,0.937185245563075
maharashtra,yavatmal,69.15092226122023,196112.0,327187.0,166.8359568208125,Balanced,0.1127738647110949
manipur,bishnupur,35.19585047397603,42055.0,30309.0,72.06819478790185,Balanced,-0.2446525045549653
manipur,chandel,9.25112722995491,8989.0,8683.0,96.58509454949944,Balanced,-0.5172531797895222
manipur,churachandpur,3.500503955285422,19273.0,18812.0,97.60298848189272,Balanced,-0.5776074532518283
manipur,imphal east,65.481297642262,56020.0,59274.0,105.80675103978864,Balanced,0.0735483553591645
manipur,imphal west,64.40529422285816,59350.0,61311.0,103.30238749136494,Balanced,0.0622336312610746
manipur,jiribam,4.961580680570802,1997.0,1966.0,98.3983983983984,Balanced,-0.5627327336180855
manipur,kakching,19.725036179450075,3325.0,2047.0,61.54539987973542,Balanced,-0.4095302802974142
manipur,pherzawl,0.198019801980198,176.0,2.0,1.1299435028248588,Balanced,-0.6125209016043828
manipur,senapati,17.499653307446955,25510.0,22596.0,88.57355650503705,Balanced,-0.430509445222121
manipur,tamenglong,6.413814855700993,10431.0,7854.0,75.28757668711657,Balanced,-0.5470353072368513
manipur,thoubal,51.39319855821972,59244.0,56043.0,94.5953244999578,Balanced,-0.07436920864128
manipur,ukhrul,15.003536901674131,15176.0,13690.0,90.20227976543454,Balanced,-0.4568816547052512
meghalaya,east garo hills,0.2896527138231187,6345.0,2724.0,42.92467696186574,Balanced,-0.611386939755903
meghalaya,east jaintia hills,0.8674227942738202,3394.0,2782.0,81.9440353460972,Balanced,-0.6053095576620311
meghalaya,east khasi hills,0.6149485488939552,16360.0,21004.0,128.37846097426808,Balanced,-0.6079633336024252
meghalaya,eastern west khasi hills,0.0088456435205661,306.0,8.0,2.6058631921824107,Balanced,-0.6143415149479908
meghalaya,jaintia hills,10.0,25.0,8.0,30.76923076923077,Balanced,-0.6039109176669027
meghalaya,north garo hills,0.4401057116660374,3832.0,1243.0,32.42890686146622,Balanced,-0.6098051079287452
meghalaya,ri bhoi,0.6191687871077184,8216.0,4524.0,55.05658999634904,Balanced,-0.6079197990769464
meghalaya,south garo hills,0.240616373449796,4004.0,1285.0,32.08489388264669,Balanced,-0.611903088369257
meghalaya,south west garo hills,1.5005132540305537,7182.0,4915.0,68.42544897675066,Balanced,-0.5986524362277177
meghalaya,south west khasi hills,1.2273993908366276,4740.0,3432.0,72.38979118329466,Balanced,-0.601525451478122
meghalaya,west garo hills,1.2186860281880971,14970.0,33470.0,223.5655600828268,Critical Gap,-0.6016113156152425
meghalaya,west jaintia hills,0.7632937669665194,7460.0,6177.0,82.79051065540813,Balanced,-0.6064031340570609
meghalaya,west khasi hills,0.4066959318179039,10544.0,6054.0,57.41109530583215,Balanced,-0.6101549134356669
mizoram,aizawl,112.8038966539602,12892.0,37677.0,292.22834096021097,Critical Gap,0.568128696093499
mizoram,champhai,43.29988851727982,6469.0,15968.0,246.80061823802163,Critical Gap,-0.1602947823004959
mizoram,hnahthial,100.0,47.0,17.0,35.41666666666667,Balanced,-0.509201094354623
mizoram,khawzawl,0.8450704225352114,35.0,8.0,22.22222222222222,Balanced,-0.6065417460922439
mizoram,kolasib,157.18199608610567,3867.0,10931.0,282.6008273009307,Critical Gap,1.0110129926578677
mizoram,lawngtlai,23.589609026502227,4395.0,13430.0,305.5050045495905,Critical Gap,-0.3667782361450574
mizoram,lunglei,88.27734711455642,7323.0,15289.0,208.7520480611688,Critical Gap,0.3073900603008264
mizoram,mamit,325.71955719557195,1809.0,10715.0,591.9889502762431,Maintenance Heavy,2.703040412986866
mizoram,mammit,212.71604938271605,636.0,2857.0,448.50863422292,Critical Gap,1.4001957139040546
mizoram,saiha,24.721148536720044,1851.0,5756.0,310.79913606911447,Critical Gap,-0.355572278395693
mizoram,saitual,11.935483870967742,127.0,77.0,60.15625,Balanced,-0.5170935796306463
mizoram,serchhip,304.0372670807453,2455.0,7604.0,309.6091205211726,Maintenance Heavy,2.415661096171664
nagaland,chumukedima,2.5231719876416068,1837.0,651.0,35.418933623503804,Balanced,-0.5881259471148561
nagaland,dimapur,5.177848066145053,8215.0,25223.0,306.9985394352483,Critical Gap,-0.5599733105987544
nagaland,kiphire,2.2738421584186987,1958.0,4310.0,220.0102092904543,Critical Gap,-0.5905369080349094
nagaland,kohima,3.388299548366768,3308.0,13953.0,421.6681776971895,Critical Gap,-0.5788117654704691
nagaland,longleng,1.0548655871718282,820.0,2674.0,325.700365408039,Critical Gap,-0.603349233733078
nagaland,meluri,12.213740458015268,96.0,865.0,891.7525773195877,Critical Gap,-0.4941677890669595
nagaland,mokokchung,6.728022849888924,2696.0,8545.0,316.83351872450874,Critical Gap,-0.5438347850173413
nagaland,mon,3.6726867024614736,4662.0,14044.0,301.1794981771392,Critical Gap,-0.5758096367584509
nagaland,niuland,7.28476821192053,373.0,285.0,76.20320855614973,Balanced,-0.5420864496713867
nagaland,noklak,0.922389272653393,447.0,747.0,166.74107142857142,Balanced,-0.6047630078451509
nagaland,peren,2.1575139366623177,1804.0,4584.0,253.9612188365651,Critical Gap,-0.5917542460332176
nagaland,phek,2.330599913681485,1468.0,8758.0,596.1878829135467,Critical Gap,-0.5899403115461258
nagaland,shamator,0.1628222523744912,433.0,170.0,39.1705069124424,Balanced,-0.6127277480653432
nagaland,tseminyu,3.509933774834437,91.0,186.0,202.17391304347828,Critical Gap,-0.5795757547324976
nagaland,tuensang,2.6955548774285423,4239.0,9708.0,228.9622641509434,Critical Gap,-0.5860940064611374
nagaland,wokha,4.811021702023896,1905.0,6927.0,363.4312696747114,Critical Gap,-0.5639172047678
nagaland,zunheboto,2.5330132052821126,2439.0,7963.0,326.3524590163934,Critical Gap,-0.5878196177776589
odisha,angul,78.20382473977244,29467.0,64055.0,217.37138591013985,Critical Gap,0.2067400981879622
odisha,anugal,0.0,11.0,4.0,33.33333333333333,Balanced,-0.6144342313682671
odisha,anugul,13.68421052631579,1813.0,2106.0,116.09702315325248,Balanced,-0.4739337727608611
odisha,balangir,47.28030229628912,42594.0,101046.0,237.22502641155063,Critical Gap,-0.1173222642829032
odisha,baleshwar,26.133014735165272,12287.0,24836.0,202.11588541666663,Critical Gap,-0.340410483319246
odisha,baleswar,52.48497517637837,43214.0,104674.0,242.21682286243205,Critical Gap,-0.0625509963666856
odisha,bargarh,51.06047751787662,35471.0,81807.0,230.62415426251687,Critical Gap,-0.0776942722417744
odisha,baudh,28.277945619335345,1130.0,4845.0,428.3819628647215,Critical Gap,-0.3247335953542349
odisha,bhadrak,45.11606155939121,42650.0,97680.0,229.02159386649785,Critical Gap,-0.140026798651107
odisha,boudh,50.77111383108935,9187.0,24307.0,264.5515890291685,Critical Gap,-0.0821085577919304
odisha,cuttack,61.48230292948896,50671.0,141068.0,278.3943795389959,Critical Gap,0.032025658337896
odisha,debagarh,88.41219768664564,7989.0,16252.0,203.40425531914892,Critical Gap,0.3072326603095666
odisha,dhenkanal,69.69618854722887,29983.0,77647.0,258.9614461045892,Critical Gap,0.1177872212494644
odisha,gajapati,94.57717698836844,21388.0,59008.0,275.8801252980504,Critical Gap,0.3780231125362738
odisha,ganjam,92.19710755674744,98839.0,188862.0,191.07851072440303,Critical Gap,0.3549492584254583
odisha,jagatsinghapur,85.49496916585524,15689.0,48402.0,308.48948374760994,Critical Gap,0.2826356916338046
odisha,jagatsinghpur,41.9970631424376,5173.0,12093.0,233.72632392732896,Critical Gap,-0.1782505040363506
odisha,jajpur,21.815547044819372,45707.0,37046.0,81.04926927452524,Balanced,-0.3850760518750339
odisha,jharsuguda,156.07433217189316,16786.0,25856.0,154.0239471019241,Critical Gap,1.0109943837919062
odisha,kalahandi,40.012137055363645,47395.0,94924.0,200.2785045151489,Critical Gap,-0.1937274633651188
odisha,kandhamal,65.42603953646898,32045.0,59939.0,187.04050427510452,Critical Gap,0.0726594074459893
odisha,kendrapara,52.26786421872936,39919.0,78386.0,196.35771543086173,Critical Gap,-0.065056170958778
odisha,kendujhar,45.50714902600519,54438.0,102233.0,187.7936773269164,Critical Gap,-0.1359614550884926
odisha,khorda,73.97496565409861,37598.0,94322.0,250.86305486848053,Critical Gap,0.1629595266832894
odisha,khordha,18.14454126089185,8656.0,22625.0,261.34919718147165,Critical Gap,-0.4243703002313791
odisha,koraput,39.82102344340812,42260.0,105211.0,248.9553015782873,Critical Gap,-0.1957017715686356
odisha,malkangiri,55.4715067937538,21072.0,48236.0,228.89953969534477,Critical Gap,-0.0317536652277388
odisha,mayurbhanj,41.57648702380313,71521.0,156985.0,219.49190458879784,Critical Gap,-0.1771232928160781
odisha,nabarangapur,22.715727122132424,41836.0,90586.0,216.5212610846858,Critical Gap,-0.3754974568503832
odisha,nayagarh,107.70045920169552,23512.0,62032.0,263.820014460086,Critical Gap,0.515339834669061
odisha,nuapada,55.39678734116519,18245.0,46953.0,257.3331141072016,Critical Gap,-0.0327316323641372
odisha,puri,64.77617139871103,32863.0,74923.0,227.9789435248296,Critical Gap,0.066158794590585
odisha,rayagada,41.97567529345213,32371.0,60299.0,186.26899789941925,Critical Gap,-0.1732725449696834
odisha,sambalpur,83.11429461227031,30320.0,52322.0,172.560271758847,Critical Gap,0.2577589241038248
odisha,sonapur,69.18588873812755,13267.0,26325.0,198.40970756707867,Critical Gap,0.1106789654325054
odisha,subarnapur,31.846921797004992,4360.0,6505.0,149.16303600091723,Balanced,-0.2842436998205376
odisha,sundargarh,26.98619008935825,7660.0,16187.0,211.29095418352696,Critical Gap,-0.3325112626913913
odisha,sundergarh,74.19435345499922,42676.0,94260.0,220.868383438386,Critical Gap,0.1652416868857827
puducherry,karaikal,150.83989501312337,6322.0,16246.0,256.9349992092361,Critical Gap,0.936270482522536
puducherry,puducherry,137.85204412719014,19774.0,53425.0,270.1643489254109,Critical Gap,0.8278028844903418
puducherry,yanam,17.096774193548388,313.0,223.0,71.01910828025477,Balanced,-0.4750003248251886
punjab,amritsar,31.99932398174751,99075.0,155008.0,156.4536315555735,Balanced,-0.2778659516019937
punjab,barnala,203.653603034134,13504.0,35539.0,263.1543872639763,Critical Gap,1.504566523822726
punjab,bathinda,143.03589399530358,37420.0,96740.0,258.5179444696828,Critical Gap,0.8862466144928616
punjab,faridkot,151.59434914228052,14722.0,39412.0,267.69000882972216,Critical Gap,0.9664831859877095
punjab,fatehgarh sahib,120.18043025676614,15346.0,37399.0,243.6893203883495,Critical Gap,0.6424122974608986
punjab,fazilka,109.52047215049797,31662.0,61395.0,193.90139910937057,Critical Gap,0.5342705741729497
punjab,ferozepur,215.63540753724803,28195.0,55330.0,196.2335082990495,Critical Gap,1.6370058582697344
punjab,firozpur,40.852390852390855,6524.0,11480.0,175.93869731800766,Balanced,-0.192427875793143
punjab,gurdaspur,71.91542734277012,71972.0,119235.0,165.6662915259889,Balanced,0.1411359273400734
punjab,hoshiarpur,84.4078783345799,46549.0,92764.0,199.27819548872185,Critical Gap,0.2718277305058468
punjab,jalandhar,68.87310476710832,51131.0,141270.0,276.2849096456231,Critical Gap,0.109449156694757
punjab,kapurthala,40.901143241425686,13872.0,54103.0,389.9877459814027,Critical Gap,-0.1848852788065329
punjab,ludhiana,17.81964094377993,119703.0,190927.0,159.49926485330482,Balanced,-0.4269494572454232
punjab,malerkotla,39.096509240246405,15099.0,13787.0,91.3046357615894,Balanced,-0.2055283275438212
punjab,mansa,208.95424836601308,23555.0,59039.0,250.63253523518424,Critical Gap,1.5661327808801992
punjab,moga,145.0911376492772,24046.0,61344.0,255.10042832785797,Critical Gap,0.9038168528960846
punjab,mohali,62.37071587913202,58072.0,57841.0,99.60050281542196,Balanced,0.0407166044322647
punjab,muktsar,32.84697508896797,3551.0,8879.0,249.9718468468469,Critical Gap,-0.2795025573558755
punjab,nawanshahr,7.748917748917749,2958.0,4189.0,141.5680973301791,Balanced,-0.5359478500122575
punjab,pathankot,193.5469448584203,14496.0,26596.0,183.45864661654133,Critical Gap,1.3953639309790815
punjab,patiala,71.4757508776492,89052.0,119311.0,133.97751900553604,Balanced,0.1368483670621288
punjab,rupnagar,187.23952738990332,13705.0,45453.0,331.6284838756749,Critical Gap,1.3370807095060369
punjab,sangrur,182.7917282127031,29915.0,82470.0,275.6718812675492,Critical Gap,1.300654107666802
punjab,sas nagarmohali,9.722991689750693,2321.0,2735.0,117.78639104220498,Balanced,-0.5146049581472155
punjab,shaheed bhagat singh nagar,135.7962413452028,6344.0,30500.0,480.6934594168637,Critical Gap,0.8019831588869497
punjab,sri muktsar sahib,170.2398401065956,21691.0,56223.0,259.1877189747372,Critical Gap,1.166375272015607
punjab,tarn taran,97.6711827169535,27415.0,80702.0,294.36095710533993,Critical Gap,0.4100141980849975
rajasthan,ajmer,28.082953607692584,124036.0,141858.0,114.36748712077848,Balanced,-0.3190039001610243
rajasthan,alwar,17.084808793973284,144744.0,223449.0,154.3742443607724,Balanced,-0.4346675491915757
rajasthan,balotra,0.0,503.0,6.0,1.1904761904761905,Balanced,-0.6144342313682671
rajasthan,banswara,17.410976535427874,101294.0,93711.0,92.51295720420552,Balanced,-0.4312674676127797
rajasthan,baran,24.753633677100296,78758.0,80256.0,101.90073515407762,Balanced,-0.3540852937198034
rajasthan,barmer,21.95734841680839,111721.0,196765.0,176.12019118884373,Balanced,-0.3834098979988979
rajasthan,beawar,20.0,510.0,8.0,1.5655577299412915,Balanced,-0.5933876039655384
rajasthan,bharatpur,11.743162077945536,105063.0,141155.0,134.3514429300236,Balanced,-0.4908739927835081
rajasthan,bhilwara,21.039174985997168,97739.0,120019.0,122.79414773889911,Balanced,-0.3930980259287657
rajasthan,bikaner,11.07062151919005,81652.0,130871.0,160.27702595128164,Balanced,-0.497953261456954
rajasthan,bundi,24.70129675436624,48701.0,62857.0,129.06451480432014,Balanced,-0.3546699769002798
rajasthan,chittaurgarh,8.1169757489301,2065.0,2238.0,108.32526621490804,Balanced,-0.5300995060714171
rajasthan,chittorgarh,16.425628443127632,61824.0,62598.0,101.25030327537404,Balanced,-0.4416541788749257
rajasthan,churu,14.252868705226009,76097.0,133224.0,175.06898998659622,Balanced,-0.4644753435799247
rajasthan,dausa,30.998837917104755,50267.0,106330.0,211.52621946367472,Critical Gap,-0.2883861191320769
rajasthan,deeg,0.1624129930394431,1299.0,158.0,12.153846153846152,Balanced,-0.6127600678248684
rajasthan,dhaulpur,2.5379609544468544,488.0,400.0,81.79959100204499,Balanced,-0.5882378972606154
rajasthan,dholpur,17.59802294271698,77555.0,74417.0,95.95260199081956,Balanced,-0.4293061721160192
rajasthan,didwanakuchaman,10.0,720.0,8.0,1.1095700416088763,Balanced,-0.6039109176669027
rajasthan,dungarpur,19.422445358801102,95308.0,86558.0,90.81828578623214,Balanced,-0.4101151609672852
rajasthan,ganganagar,36.11159000078364,69218.0,102528.0,148.12118060070213,Balanced,-0.2346884663046217
rajasthan,hanumangarh,34.0256470773346,77237.0,96633.0,125.11069680727104,Balanced,-0.2566250194311515
rajasthan,jaipur,17.634941678457235,275340.0,355884.0,129.25209104346973,Balanced,-0.4288748133299383
rajasthan,jaisalmer,22.56584233550576,21384.0,44977.0,210.3203179798924,Critical Gap,-0.3771574453596257
rajasthan,jalor,8.78419090738881,66690.0,99786.0,149.62438709870898,Balanced,-0.5220095932641121
rajasthan,jalore,0.0163844893500819,1036.0,20.0,1.9286403085824493,Balanced,-0.6142626556013971
rajasthan,jhalawar,21.2077318815244,81092.0,80112.0,98.79027782915912,Balanced,-0.3913588944936125
rajasthan,jhunjhunu,5.351137487636004,2742.0,1941.0,70.76193948231862,Balanced,-0.5586194008541676
rajasthan,jhunjhunun,27.0716738922358,54652.0,110392.0,201.98708213638776,Critical Gap,-0.3296948000857663
rajasthan,jodhpur,17.08094763611487,139970.0,219033.0,156.48455751548536,Balanced,-0.4347101165940651
rajasthan,karauli,18.64499456949178,58446.0,80971.0,138.5374783992335,Balanced,-0.4182932170258013
rajasthan,khairthaltijara,0.0,1057.0,15.0,1.4177693761814745,Uncategorized,0.0
rajasthan,kota,25.13778583231171,93066.0,93354.0,100.30837998431235,Balanced,-0.3500282657475706
rajasthan,kotputlibehror,0.0,529.0,7.0,1.3207547169811322,Uncategorized,0.0
rajasthan,nagaur,19.244086673650543,103427.0,205368.0,198.5613180183316,Critical Gap,-0.4119561618430619
rajasthan,pali,26.149623530284487,66337.0,155910.0,235.0236666767162,Critical Gap,-0.3393453687158406
rajasthan,phalodi,0.0,204.0,2.0,0.975609756097561,Uncategorized,0.0
rajasthan,pratapgarh,29.02303415409055,48556.0,56287.0,115.91943489095291,Balanced,-0.309258134028699
rajasthan,rajsamand,24.033876592413357,47170.0,61962.0,131.3561298255284,Balanced,-0.3616801035623806
rajasthan,salumbar,0.0,213.0,1.0,0.4672897196261681,Balanced,-0.6144342313682671
rajasthan,sawai madhopur,20.594786616101004,45155.0,81422.0,180.3126937726991,Balanced,-0.3978024266167148
rajasthan,sikar,24.173663062297862,78337.0,161613.0,206.30217774260257,Critical Gap,-0.3601219625003493
rajasthan,sirohi,7.367867960684922,41293.0,70150.0,169.87940136581585,Balanced,-0.5369142214754598
rajasthan,tonk,25.201980556729666,56628.0,79923.0,141.1344011019089,Balanced,-0.3493699320599709
rajasthan,udaipur,15.693797236995932,127492.0,179778.0,141.01009467186435,Balanced,-0.4493079506838676
sikkim,east,15.858915741345529,5867.0,5523.0,94.120654396728,Balanced,-0.448521207557145
sikkim,east sikkim,19.155033063923582,3513.0,4089.0,116.3631189527604,Balanced,-0.4141840210072668
sikkim,namchi,0.0,282.0,5.0,1.76678445229682,Balanced,-0.6144342313682671
sikkim,north,15.04950495049505,443.0,307.0,69.14414414414415,Balanced,-0.4690211693130497
sikkim,north sikkim,37.19298245614035,446.0,918.0,205.3691275167785,Critical Gap,-0.2426104805867243
sikkim,south,9.417206290471784,3739.0,3050.0,81.55080213903744,Balanced,-0.5161522740472674
sikkim,south sikkim,5.256980979360583,1409.0,2053.0,145.60283687943263,Balanced,-0.5593141325857173
sikkim,west,13.771377137713772,2553.0,3584.0,140.3288958496476,Balanced,-0.4706782495549854
sikkim,west sikkim,8.83248730964467,2021.0,3291.0,162.75964391691394,Balanced,-0.5218126920978924
tamil nadu,ariyalur,77.3734880276475,23351.0,77473.0,331.7617334703665,Critical Gap,0.1979863219705662
tamil nadu,chengalpattu,12.42557192102789,21533.0,6248.0,29.014581591901177,Balanced,-0.4840437975372986
tamil nadu,chennai,52.18933815015516,148368.0,233031.0,157.0617851437969,Balanced,-0.0654582894714405
tamil nadu,coimbatore,41.76708608170279,117738.0,219722.0,186.6178581438606,Critical Gap,-0.1751252374484823
tamil nadu,cuddalore,82.61549720977038,81595.0,168105.0,206.02112848669051,Critical Gap,0.2542393430641977
tamil nadu,dharmapuri,78.95781929268006,41380.0,104858.0,253.39648631014236,Critical Gap,0.2155859611732708
tamil nadu,dindigul,46.67934821620846,57577.0,186123.0,323.2536732779881,Critical Gap,-0.1235299511056941
tamil nadu,erode,61.422830351162574,68409.0,147495.0,215.60444379476684,Critical Gap,0.0313813292738802
tamil nadu,kallakurichi,17.102615694164992,10790.0,4818.0,44.64831804281346,Balanced,-0.435537898445072
tamil nadu,kancheepuram,35.91485048150025,141293.0,233919.0,165.55480062847678,Balanced,-0.2365923788813042
tamil nadu,kanchipuram,0.0112233445566778,8.0,9.0,100.0,Balanced,-0.6143173056604743
tamil nadu,kanniyakumari,203.6639526276832,38678.0,69432.0,179.50826029628482,Critical Gap,1.5146023604923358
tamil nadu,kanyakumari,235.89576547231272,20696.0,29748.0,143.7309755036962,Critical Gap,1.8439476339633825
tamil nadu,karur,42.62956734444274,27344.0,57807.0,211.39879319802523,Critical Gap,-0.1664463241181214
tamil nadu,krishnagiri,80.61202065707064,61909.0,120803.0,195.12679696333387,Critical Gap,0.2330332875127434
tamil nadu,madurai,97.84396055072747,106052.0,213798.0,201.595428700744,Critical Gap,0.4143043827820915
tamil nadu,mayiladuthurai,53.69734789391576,3602.0,4309.0,119.59478212600612,Balanced,-0.0571842965975543
tamil nadu,nagapattinam,48.222920366070205,38029.0,80677.0,212.1404154614778,Critical Gap,-0.1075923938335202
tamil nadu,namakkal,77.45017295338494,45816.0,120991.0,264.07447017482593,Critical Gap,0.1993917723129089
tamil nadu,perambalur,108.32830676432572,15661.0,57037.0,364.17443493806667,Critical Gap,0.5211351952128729
tamil nadu,pudukkottai,31.28315669720376,52057.0,130306.0,250.30927042913677,Critical Gap,-0.2854090682075936
tamil nadu,ramanathapuram,70.59618071727992,38291.0,100419.0,262.2453776245691,Critical Gap,0.127434911755363
tamil nadu,ranipet,32.29007633587786,1390.0,637.0,45.794392523364486,Balanced,-0.296479824534185
tamil nadu,salem,73.47863938809776,106371.0,240644.0,226.228706802542,Critical Gap,0.158372027343306
tamil nadu,sivaganga,63.59071668369581,34296.0,95190.0,277.54614106190047,Critical Gap,0.0538728892055554
tamil nadu,tenkasi,64.01354784081288,10020.0,10203.0,101.81618600938027,Balanced,0.0541056978948842
tamil nadu,thanjavur,48.47053225477534,76835.0,169567.0,220.68691759071268,Critical Gap,-0.1046754790069968
tamil nadu,the nilgiris,52.54359451290397,15273.0,44104.0,288.7521277988739,Critical Gap,-0.0626561192171429
tamil nadu,theni,69.11028236547682,38776.0,86722.0,223.6428810893055,Critical Gap,0.1116744140258778
tamil nadu,thiruvallur,7.002237136465324,1823.0,2897.0,158.82675438596493,Balanced,-0.541238738289888
tamil nadu,thiruvarur,44.360985173385615,37780.0,72799.0,192.68680024350863,Critical Gap,-0.148123918111846
tamil nadu,thoothukkudi,80.63960779842662,44695.0,139867.0,312.92956864148914,Critical Gap,0.2332917991372044
tamil nadu,tiruchirappalli,46.53713016785318,73681.0,193570.0,262.7100241578676,Critical Gap,-0.1249971091989988
tamil nadu,tirunelveli,70.97949054813517,79890.0,214773.0,268.8325343280219,Critical Gap,0.1320148817929206
tamil nadu,tirupathur,500.0,93.0,59.0,62.76595744680851,Balanced,-0.0882685463000461
tamil nadu,tirupattur,87.80607247796279,9352.0,12111.0,129.48786485619587,Balanced,0.3015027330271894
tamil nadu,tiruppur,64.20250653683168,85946.0,148772.0,173.09737396302373,Balanced,0.0606410828056573
tamil nadu,tiruvallur,47.21548909984616,148408.0,237793.0,160.2281532791138,Balanced,-0.117738561339201
tamil nadu,tiruvannamalai,122.1326244277064,65218.0,141455.0,216.89231665618917,Critical Gap,0.6690996179651134
tamil nadu,tiruvarur,0.0,2.0,3.0,100.0,Balanced,-0.6144342313682671
tamil nadu,vellore,75.71690474371707,89400.0,191803.0,214.5423429268129,Critical Gap,0.1818110948858875
tamil nadu,villupuram,93.8673369030707,39568.0,121261.0,306.4545477520281,Critical Gap,0.3723906598105548
tamil nadu,viluppuram,28.69030853923953,35788.0,85466.0,238.8052194808461,Critical Gap,-0.3128645893636935
tamil nadu,virudhunagar,95.3037793015468,57442.0,121294.0,211.1554062287833,Critical Gap,0.3870400415012305
telangana,adilabad,96.17426675230143,46010.0,80283.0,174.48653582838887,Critical Gap,0.3956914553975316
telangana,bhadradri kothagudem,17.419733176953525,33729.0,21603.0,64.04684257337682,Balanced,-0.4313624694361851
telangana,hanumakonda,16.782768102658114,18975.0,9017.0,47.5179173693086,Balanced,-0.4392688914846467
telangana,hyderabad,23.824753129408403,216457.0,228541.0,105.58214526605624,Balanced,-0.3637591666745085
telangana,jagitial,67.62487257900102,16299.0,10745.0,65.920245398773,Balanced,0.0907340827211425
telangana,jangaon,8.47682119205298,802.0,280.0,34.8692403486924,Balanced,-0.5302477217573518
telangana,jangoan,30.368946963873945,16900.0,7279.0,43.06845748772263,Balanced,-0.2970478769095586
telangana,jayashankar bhupalpally,11.998844598497978,16261.0,4568.0,28.09002582708154,Balanced,-0.4888197339100264
telangana,jogulamba gadwal,20.080240722166497,33576.0,11330.0,33.74333621228817,Balanced,-0.4037574910669515
telangana,kamareddy,55.26023594725885,24445.0,15241.0,62.34557800867218,Balanced,-0.0365228727202335
telangana,karimnagar,99.940241947238,77995.0,135876.0,174.20893379147648,Critical Gap,0.4358905098091081
telangana,khammam,41.19266055045872,53808.0,62170.0,115.53829285063836,Balanced,-0.1813121782762766
telangana,komaram bheem,26.07086197778953,27458.0,9677.0,35.24163298007939,Balanced,-0.3413819337486535
telangana,kv rangareddy,33.37480644372606,197330.0,248581.0,125.97159088029755,Balanced,-0.263306521402263
telangana,mahabubabad,23.397866455946268,23410.0,10180.0,43.48383238648498,Balanced,-0.3690835867246447
telangana,mahabubnagar,42.47208801916285,96426.0,195049.0,202.27633339209973,Critical Gap,-0.1676503773744214
telangana,mancherial,42.921348314606746,27123.0,12409.0,45.749152042471614,Balanced,-0.1651506381653086
telangana,medak,48.1915742150678,54969.0,126666.0,230.4275059123158,Critical Gap,-0.107629918392629
telangana,medchal malkajgiri,14.158360577306436,87280.0,35599.0,40.7866545983662,Balanced,-0.4655482089926284
telangana,mulugu,10.094380094380094,11698.0,5387.0,46.04667065561159,Balanced,-0.5086164658156583
telangana,nagarkurnool,25.558312655086848,20170.0,12454.0,61.74210500223093,Balanced,-0.3463314335349193
telangana,nalgonda,64.29740791268759,77441.0,137989.0,178.18367294233104,Critical Gap,0.0616992225748112
telangana,narayanpet,13.070058009817046,16732.0,6287.0,37.57246160282077,Balanced,-0.477444072118061
telangana,nirmal,58.8124410933082,33846.0,13324.0,39.36537950187609,Balanced,-0.0007381799989776
telangana,nizamabad,108.238724061053,66975.0,117196.0,174.98208313425704,Critical Gap,0.5228404620356952
telangana,peddapalli,32.87101248266297,9927.0,6427.0,64.73609991941981,Balanced,-0.2727869235294497
telangana,rajanna sircilla,85.45988258317026,11165.0,8085.0,72.40730789897904,Balanced,0.2693217481290101
telangana,rangareddy,14.36988543371522,5562.0,2786.0,50.080891605248965,Balanced,-0.4654105308876549
telangana,sangareddy,29.933774834437084,37288.0,22079.0,59.21049102952614,Balanced,-0.3000362109343263
telangana,siddipet,57.67375071797817,35961.0,16209.0,45.07257660864246,Balanced,-0.010636557794552
telangana,suryapet,30.34331874789633,45789.0,20093.0,43.88075999126447,Balanced,-0.2960863353353804
telangana,vikarabad,15.78146611341632,60549.0,14223.0,23.489677952105698,Balanced,-0.4486557174968715
telangana,wanaparthy,11.700324108701071,25180.0,9974.0,39.609229180731504,Balanced,-0.491583705993881
telangana,warangal,110.80391756784329,29101.0,91610.0,314.7893615559068,Critical Gap,0.5494528369669566
telangana,warangal rural,53.29529243937233,17700.0,7169.0,40.50053669284222,Balanced,-0.0607004287161901
telangana,warangal urban,63.57045143638852,15699.0,8594.0,54.73885350318472,Balanced,0.0464014276890363
telangana,yadadri,33.38371526084837,39872.0,12674.0,31.785920296942795,Balanced,-0.2646617609156352
tripura,dhalai,34.59335624284078,15817.0,35615.0,225.1548868377797,Critical Gap,-0.250932839788457
tripura,gomati,57.60411562959334,9761.0,14702.0,150.6043843474698,Balanced,-0.0109093572856257
tripura,khowai,70.92835519677094,3511.0,9166.0,260.9908883826879,Critical Gap,0.1252494887006379
tripura,north tripura,55.70055275174237,14931.0,47498.0,318.095365657648,Critical Gap,-0.0295449228394346
tripura,sepahijala,23.836423496794318,15325.0,19625.0,128.0503719170038,Balanced,-0.3639866478458295
tripura,south tripura,28.45790324586494,30679.0,57556.0,187.60104302477183,Balanced,-0.3152976010225255
tripura,unakoti,65.32104969290899,3643.0,15733.0,431.7508232711306,Critical Gap,0.0695226963665236
tripura,west tripura,47.23727260829734,44346.0,92260.0,208.04113017791508,Critical Gap,-0.1179264081825843
uttar pradesh,agra,12.001166171569052,175953.0,235048.0,133.58491423894884,Balanced,-0.4881511504332362
uttar pradesh,aligarh,12.241743871060876,186462.0,199500.0,106.99173562583462,Balanced,-0.4856203650874915
uttar pradesh,ambedkar nagar,13.017260320792948,75756.0,87220.0,115.13127499769,Balanced,-0.4774796093138979
uttar pradesh,amethi,17.822275537510382,76280.0,93271.0,122.27291199643425,Balanced,-0.4269367398293812
uttar pradesh,amroha,26.211380800452325,90302.0,92672.0,102.62339014207724,Balanced,-0.3387038697025613
uttar pradesh,auraiya,28.206967875379743,51799.0,63182.0,121.97297297297298,Balanced,-0.3177760358812892
uttar pradesh,ayodhya,19.643947390944625,85256.0,102307.0,119.99835790609568,Balanced,-0.4077678760933824
uttar pradesh,azamgarh,7.0203504430253885,159789.0,173398.0,108.51617748294638,Balanced,-0.5405617782264752
uttar pradesh,baghpat,11.781087071899098,54911.0,58029.0,105.6763548951049,Balanced,-0.4904929811077529
uttar pradesh,bagpat,1.818181818181818,10.0,8.0,72.72727272727273,Balanced,-0.6039109176669027
uttar pradesh,bahraich,5.865313661387919,129697.0,181078.0,139.6151058613086,Balanced,-0.5527141800011439
uttar pradesh,ballia,13.268715550929164,104948.0,133005.0,126.73298459251636,Balanced,-0.4748248165647709
uttar pradesh,balrampur,8.425718657915038,78076.0,102112.0,130.78371351358277,Balanced,-0.5257778417974526
uttar pradesh,banda,10.497025039995686,69435.0,92491.0,133.20323751368167,Balanced,-0.5039886118670313
uttar pradesh,bara banki,35.55607345949473,109967.0,165242.0,150.26371308016877,Balanced,-0.2403711298922743
uttar pradesh,barabanki,0.8556555688103242,4960.0,4224.0,85.14412416851441,Balanced,-0.6054386793526914
uttar pradesh,bareilly,16.61129468608679,241742.0,234808.0,97.1312509565944,Balanced,-0.4396440706609468
uttar pradesh,basti,13.280420237342074,84810.0,109201.0,128.75806204383866,Balanced,-0.4747043125028434
uttar pradesh,bhadohi,13.067484662576684,11780.0,6540.0,55.51311433664375,Balanced,-0.4773661777256752
uttar pradesh,bijnor,37.21995264239806,226859.0,217048.0,95.67486555584942,Balanced,-0.222848697590128
uttar pradesh,budaun,10.431612911935844,171339.0,110318.0,64.38543247344461,Balanced,-0.5046724328967463
uttar pradesh,bulandshahar,0.87018544935806,663.0,220.0,33.13253012048193,Balanced,-0.6053930745262499
uttar pradesh,bulandshahr,17.813750648176462,174757.0,180832.0,103.475663488939,Balanced,-0.4269969744691574
uttar pradesh,chandauli,12.361164036020137,93604.0,90545.0,96.73094385983654,Balanced,-0.4843773000127639
uttar pradesh,chitrakoot,17.443865194368048,44547.0,62732.0,140.81889198168267,Balanced,-0.4309347583524768
uttar pradesh,deoria,14.483290771802832,109251.0,138613.0,126.87456522535057,Balanced,-0.4620472158772013
uttar pradesh,etah,14.625900439575611,61891.0,87429.0,141.2605829509468,Balanced,-0.4605531662427701
uttar pradesh,etawah,17.963421870091796,62080.0,79095.0,127.40613070021422,Balanced,-0.4254588697953004
uttar pradesh,farrukhabad,18.77042220033287,70138.0,77196.0,110.0614494076049,Balanced,-0.4169675550474521
uttar pradesh,fatehpur,12.780136507765894,107120.0,117914.0,110.0755220731696,Balanced,-0.4799665259311657
uttar pradesh,firozabad,16.565437161243175,139201.0,113767.0,81.7279924139021,Balanced,-0.4401427826220848
uttar pradesh,gautam buddha nagar,5.270709694036338,153991.0,89441.0,58.08158865395605,Balanced,-0.5589742564980976
uttar pradesh,ghaziabad,9.668384285193255,239761.0,192022.0,80.08858784961753,Balanced,-0.5126993532108368
uttar pradesh,ghazipur,13.240161877547468,127840.0,145692.0,113.9634389593323,Balanced,-0.4751220411801826
uttar pradesh,gonda,13.296193005164062,125916.0,152075.0,120.77400192190092,Balanced,-0.4745310229433099
uttar pradesh,gorakhpur,6.731623394347441,158865.0,178164.0,112.14734430274572,Balanced,-0.5436005196075159
uttar pradesh,hamirpur,26.343609183892426,42440.0,54687.0,128.85417402982964,Balanced,-0.3373905094705167
uttar pradesh,hapur,14.19977626213417,44282.0,56755.0,128.1643068446131,Balanced,-0.4650540470843607
uttar pradesh,hardoi,12.251893800701378,143951.0,205097.0,142.47596421029232,Balanced,-0.4855131503162494
uttar pradesh,hathras,23.20442201764185,60658.0,80404.0,132.5508168614715,Balanced,-0.3703314432728132
uttar pradesh,jalaun,17.69868615349665,60673.0,74682.0,123.08731911527178,Balanced,-0.4282488507261103
uttar pradesh,jaunpur,10.662003887819791,155741.0,183080.0,117.55338958020316,Balanced,-0.5022444829919707
uttar pradesh,jhansi,27.077527688460165,71841.0,112005.0,155.90462403607916,Balanced,-0.3295906794302638
uttar pradesh,jyotiba phule nagar,0.8658008658008658,606.0,177.0,29.159802306425043,Balanced,-0.6056648032837968
uttar pradesh,kannauj,14.388874417527711,59687.0,71653.0,120.04590537461466,Balanced,-0.4630550240004049
uttar pradesh,kanpur dehat,14.12587780437127,72089.0,75626.0,104.90497988625329,Balanced,-0.4658183669788693
uttar pradesh,kanpur nagar,7.363339970331824,170125.0,181438.0,106.64918942430904,Balanced,-0.5369530266643924
uttar pradesh,kasganj,17.143864834906452,49707.0,74519.0,149.9134948096886,Balanced,-0.4340784865717801
uttar pradesh,kaushambi,24.43665448800237,77012.0,97595.0,126.72535805643204,Balanced,-0.3573558067210161
uttar pradesh,kheri,10.874302045774895,183098.0,190063.0,103.80340690009233,Balanced,-0.5000085594611557
uttar pradesh,kushinagar,13.266211214557076,167395.0,147905.0,88.35635260101795,Balanced,-0.4748502123457511
uttar pradesh,lalitpur,34.59811508696652,46802.0,75520.0,161.35717795867785,Balanced,-0.2505983149276783
uttar pradesh,lucknow,10.938689703297385,209476.0,217390.0,103.77750301942456,Balanced,-0.4993321184774734
uttar pradesh,maharajganj,5.22454305776247,108898.0,103101.0,94.6758005124014,Balanced,-0.5594591179390285
uttar pradesh,mahoba,30.2963754737149,32304.0,46340.0,143.4452871072589,Balanced,-0.2958945473089081
uttar pradesh,mahrajganj,1.208791208791209,44.0,25.0,55.55555555555556,Balanced,-0.6028585862967664
uttar pradesh,mainpuri,7.331831993953509,69441.0,73791.0,106.26278044987184,Balanced,-0.5372897726750292
uttar pradesh,mathura,13.87298173808987,109289.0,119417.0,109.26617256839602,Balanced,-0.4684672757738083
uttar pradesh,mau,9.49211873495073,87700.0,87861.0,100.1824380565786,Balanced,-0.5145638755024557
uttar pradesh,meerut,11.381106677363228,167219.0,173652.0,103.8464298528884,Balanced,-0.4946785048555112
uttar pradesh,mirzapur,18.029309209724214,87276.0,108192.0,123.9639309325481,Balanced,-0.4247477820560085
uttar pradesh,moradabad,16.597184844481415,163505.0,160474.0,98.14563379937128,Balanced,-0.4398024833354652
uttar pradesh,muzaffarnagar,24.86022163449979,135633.0,169851.0,125.22745034430896,Balanced,-0.3528737738145551
uttar pradesh,pilibhit,20.41847509231068,136263.0,135630.0,99.53472670698056,Balanced,-0.399605962024351
uttar pradesh,pratapgarh,17.978386265703016,104730.0,131960.0,125.99898788324371,Balanced,-0.4252808459292219
uttar pradesh,prayagraj,26.179750315923958,215322.0,279133.0,129.63454902634646,Balanced,-0.338970933822818
uttar pradesh,rae bareli,21.503961188098373,108253.0,128738.0,118.92216453895468,Balanced,-0.3881938467617922
uttar pradesh,raebareli,0.9677419354838708,14.0,9.0,60.0,Balanced,-0.6065417460922439
uttar pradesh,rampur,10.745381650359024,155518.0,124942.0,80.33873674599246,Balanced,-0.5013703274046389
uttar pradesh,saharanpur,21.41068462988188,167814.0,190716.0,113.6465750975777,Balanced,-0.3891607125768574
uttar pradesh,sambhal,20.52435732816226,99589.0,103347.0,103.7724671151722,Balanced,-0.3985009070214069
uttar pradesh,sant kabir nagar,16.071610182166253,79206.0,90540.0,114.3080788314164,Balanced,-0.4453531542568411
uttar pradesh,sant ravidas nagar,17.549762474971537,49163.0,68073.0,138.46106907493288,Balanced,-0.4298178083836946
uttar pradesh,sant ravidas nagar bhadohi,0.9978768577494692,297.0,110.0,36.91275167785235,Balanced,-0.6041301533690145
uttar pradesh,shahjahanpur,10.402062883505089,149472.0,154488.0,103.35512099175102,Balanced,-0.5049789890658845
uttar pradesh,shamli,24.88308905131836,75614.0,103134.0,136.39357270382862,Balanced,-0.3526718352358581
uttar pradesh,shrawasti,11.399511281774618,62721.0,56564.0,90.18207327572463,Balanced,-0.4945078508267979
uttar pradesh,siddharthnagar,7.4416129807417235,93643.0,107280.0,114.56153090427576,Balanced,-0.5361318675306433
uttar pradesh,sitapur,14.442898241414367,169322.0,264311.0,156.09869893635243,Balanced,-0.4624569445967958
uttar pradesh,sonbhadra,35.59339627304632,72077.0,103755.0,143.9482227586781,Balanced,-0.2400403102607817
uttar pradesh,sultanpur,10.4161312980761,82621.0,98465.0,119.17528019171648,Balanced,-0.5048389122447734
uttar pradesh,unnao,10.382976820118303,124543.0,146390.0,117.5407887975334,Balanced,-0.5051819038801304
uttar pradesh,varanasi,7.645496527181981,159498.0,182411.0,114.36498034470436,Balanced,-0.5339836747528605
uttarakhand,almora,128.55072463768116,15786.0,32409.0,205.2891619687084,Critical Gap,0.7291218732460856
uttarakhand,bageshwar,123.16436251920123,6928.0,21495.0,310.21792466445373,Critical Gap,0.6639889392005195
uttarakhand,chamoli,177.1335927367056,11790.0,28402.0,240.87863624798567,Critical Gap,1.2280900663180647
uttarakhand,champawat,122.03954214360044,12505.0,23214.0,185.6229010075164,Critical Gap,0.6579103365657731
uttarakhand,dehradun,42.31967054887073,82622.0,129280.0,156.46974813308643,Balanced,-0.1693488173328739
uttarakhand,garhwal,7.317073170731708,404.0,337.0,83.20987654320989,Balanced,-0.5512943491600807
uttarakhand,hardwar,6.97508896797153,1187.0,895.0,75.33670033670033,Balanced,-0.5433111456624938
uttarakhand,haridwar,72.49115299152334,68900.0,134636.0,195.40500137878988,Critical Gap,0.147848304874318
uttarakhand,nainital,82.79851560794586,49100.0,69361.0,141.26188875990306,Balanced,0.2551720620799951
uttarakhand,pauri garhwal,146.3779527559055,21130.0,43759.0,207.0843784014008,Critical Gap,0.9175954205647084
uttarakhand,pithoragarh,106.84462696783024,14702.0,30183.0,205.28463578861457,Critical Gap,0.5030414616813831
uttarakhand,rudraprayag,142.3142509135201,7834.0,24178.0,308.58966177409064,Critical Gap,0.8669440491948881
uttarakhand,tehri garhwal,84.4245603208886,25868.0,57281.0,221.42719084618653,Critical Gap,0.2715316440062967
uttarakhand,udham singh nagar,91.0465942543904,134865.0,144867.0,107.41550872718106,Balanced,0.3428030971057438
uttarakhand,uttarkashi,91.63648558014756,10021.0,24468.0,244.14288565156656,Critical Gap,0.34409933597668
west bengal,alipurduar,2.1789860568228225,10834.0,7625.0,70.37378864790033,Balanced,-0.5915161108582987
west bengal,bally jagachha,0.0,1.0,5.0,250.0,Uncategorized,0.0
west bengal,bankura,24.97950143725555,145827.0,108049.0,74.09345256055079,Balanced,-0.3516785384829037
west bengal,barddhaman,26.11390173314261,170401.0,181126.0,106.29335336439712,Balanced,-0.3397117009822318
west bengal,bardhaman,6.946975005839756,23249.0,14175.0,60.967741935483865,Balanced,-0.541482401652981
west bengal,birbhum,23.335456371564355,151363.0,110194.0,72.80066594434608,Balanced,-0.3689761355817895
west bengal,burdwan,10.0,,,0.0,Uncategorized,0.0
west bengal,cooch behar,6.229930747492314,122859.0,45164.0,36.760540452547616,Balanced,-0.5488930341738953
west bengal,dakshin dinajpur,19.971003647928164,84278.0,44659.0,52.98947543278872,Balanced,-0.4044498660992655
west bengal,darjeeling,5.343336822922725,53637.0,40102.0,74.76415973749954,Balanced,-0.5582242367486924
west bengal,darjiling,2.8609201480698045,8271.0,2586.0,31.262088974854933,Balanced,-0.5844704802501717
west bengal,domjur,0.0,2.0,3.0,100.0,Uncategorized,0.0
west bengal,east midnapore,24.275385099025463,25251.0,26704.0,105.7500396008237,Balanced,-0.3596974652179974
west bengal,east midnapur,0.0,20.0,13.0,61.90476190476191,Balanced,-0.6144342313682671
west bengal,hooghly,18.009764576570127,183476.0,161308.0,87.9172866353821,Balanced,-0.4249554196781748
west bengal,howrah,11.959180647871316,147770.0,127154.0,86.04800671308985,Balanced,-0.4886120023302143
west bengal,jalpaiguri,7.233965917021228,187511.0,80643.0,43.00684756175605,Balanced,-0.5383243591018606
west bengal,jhargram,10.210403272939802,7258.0,4006.0,55.18666482986637,Balanced,-0.5075491788317343
west bengal,kalimpong,2.400869092884302,2381.0,723.0,30.35264483627204,Balanced,-0.5892920440385209
west bengal,koch bihar,2.4471244712447127,71087.0,13201.0,18.56994148098132,Balanced,-0.588703215222575
west bengal,kolkata,5.802520006072303,106499.0,91012.0,85.45727699530516,Balanced,-0.553384408863127
west bengal,malda,9.71418463015845,196468.0,95359.0,48.536410324275074,Balanced,-0.51223206394016
west bengal,maldah,5.951245363010068,22566.0,14176.0,62.81738822173971,Balanced,-0.5519068171532817
west bengal,medinipur,7.741935483870967,178.0,75.0,41.899441340782126,Balanced,-0.5512943491600807
west bengal,murshidabad,20.60368232529488,371953.0,219079.0,58.89948757104373,Balanced,-0.3976597300583178
west bengal,nadia,14.265610772329682,192343.0,127801.0,66.44397537744874,Balanced,-0.4643500056136353
west bengal,north 24 parganas,16.15983453038224,310212.0,238563.0,76.90296667128715,Balanced,-0.4444041458137187
west bengal,north dinajpur,2.5916561314791404,4901.0,1195.0,24.37780497756018,Balanced,-0.5874682400085208
west bengal,paschim bardhaman,11.50267211568689,16681.0,10105.0,60.57427167006354,Balanced,-0.4937295140225229
west bengal,paschim medinipur,18.767015777651483,214180.0,148750.0,69.45060486224268,Balanced,-0.4169911274897993
west bengal,purba bardhaman,13.42219943604204,24451.0,12845.0,52.53149026664485,Balanced,-0.473513334845648
west bengal,purba medinipur,46.89336691855584,103429.0,131356.0,126.99990331625251,Balanced,-0.1212993898401793
west bengal,purulia,4.027149321266968,7309.0,3875.0,53.00957592339262,Balanced,-0.5722115915582846
west bengal,puruliya,10.616042906128191,155038.0,92096.0,59.40182792716672,Balanced,-0.5027477408307566
west bengal,south 24 parganas,11.877808883311344,443300.0,258018.0,58.20379381052603,Balanced,-0.4894523874534566
west bengal,south dinajpur,7.79184247538678,6819.0,2125.0,31.158357771261,Balanced,-0.5334631787216576
west bengal,south dumdumm,0.0,8.0,6.0,66.66666666666666,Uncategorized,0.0
west bengal,uttar dinajpur,4.02628243776993,270232.0,91756.0,33.954402312078834,Balanced,-0.5720690897668835
west bengal,west medinipur,0.9090909090909092,12.0,4.0,30.76923076923077,Balanced,-0.609172574517585
west bengal,west midnapore,8.128124421403443,30680.0,18978.0,61.855871712134544,Balanced,-0.5290417227749403
